{
  "sections": {
    "section": {
      "type": "section",
      "blocks": {
        "text_tqQTNE": {
          "type": "text",
          "name": "Collection title",
          "settings": {
            "text": "<p>{{ closest.collection.title }}</p>",
            "width": "fit-content",
            "max_width": "normal",
            "alignment": "left",
            "type_preset": "h2",
            "font": "var(--font-primary--family)",
            "font_size": "",
            "line_height": "normal",
            "letter_spacing": "normal",
            "case": "none",
            "wrap": "pretty",
            "color": "",
            "background": false,
            "background_color": "#00000026",
            "corner_radius": 0,
            "padding-block-start": 0,
            "padding-block-end": 0,
            "padding-inline-start": 0,
            "padding-inline-end": 0
          },
          "blocks": {}
        },
        "text_twGGkJ": {
          "type": "text",
          "name": "t:names.text",
          "settings": {
            "text": "{{ closest.collection.description }}",
            "width": "fit-content",
            "max_width": "normal",
            "alignment": "left",
            "type_preset": "rte",
            "font": "var(--font-primary--family)",
            "font_size": "",
            "line_height": "normal",
            "letter_spacing": "normal",
            "case": "none",
            "wrap": "pretty",
            "color": "",
            "background": false,
            "background_color": "#00000026",
            "corner_radius": 0,
            "padding-block-start": 0,
            "padding-block-end": 0,
            "padding-inline-start": 0,
            "padding-inline-end": 0
          },
          "blocks": {}
        }
      },
      "block_order": [
        "text_tqQTNE",
        "text_twGGkJ"
      ],
      "name": "Heading",
      "settings": {
        "content_direction": "column",
        "vertical_on_mobile": true,
        "horizontal_alignment": "flex-start",
        "vertical_alignment": "center",
        "align_baseline": false,
        "horizontal_alignment_flex_direction_column": "flex-start",
        "vertical_alignment_flex_direction_column": "center",
        "gap": 12,
        "section_width": "page-width",
        "section_height": "",
        "section_height_custom": 50,
        "color_scheme": "scheme-1",
        "background_media": "none",
        "video_position": "cover",
        "background_image_position": "cover",
        "border": "none",
        "border_width": 1,
        "border_opacity": 100,
        "border_radius": 0,
        "toggle_overlay": false,
        "overlay_color": "#00000026",
        "overlay_style": "solid",
        "gradient_direction": "to top",
        "padding-block-start": 48,
        "padding-block-end": 48
      }
    },
    "main": {
      "type": "depict-patched-main-collection",
      "blocks": {
        "filters": {
          "type": "filters",
          "static": true,
          "settings": {
            "enable_filtering": true,
            "filter_style": "horizontal",
            "filter_width": "centered",
            "text_label_case": "default",
            "show_swatch_label": false,
            "show_filter_label": false,
            "enable_sorting": true,
            "enable_grid_density": true,
            "inherit_color_scheme": true,
            "color_scheme": "",
            "padding-block-start": 8,
            "padding-block-end": 8,
            "padding-inline-start": 0,
            "padding-inline-end": 0,
            "facets_margin_bottom": 8,
            "facets_margin_right": 20
          },
          "blocks": {}
        },
        "product-card": {
          "type": "_product-card",
          "static": true,
          "settings": {
            "product_card_gap": 12,
            "inherit_color_scheme": true,
            "color_scheme": "",
            "border": "none",
            "border_width": 1,
            "border_opacity": 100,
            "border_radius": 0,
            "padding-block-start": 0,
            "padding-block-end": 0,
            "padding-inline-start": 0,
            "padding-inline-end": 0
          },
          "blocks": {
            "card-gallery": {
              "type": "_product-card-gallery",
              "settings": {
                "image_ratio": "portrait",
                "border": "none",
                "border_width": 1,
                "border_opacity": 100,
                "border_radius": 0,
                "padding-block-start": 0,
                "padding-block-end": 0,
                "padding-inline-start": 0,
                "padding-inline-end": 0
              },
              "blocks": {}
            },
            "group": {
              "type": "_product-card-group",
              "settings": {
                "link": "",
                "open_in_new_tab": false,
                "content_direction": "column",
                "vertical_on_mobile": true,
                "horizontal_alignment": "flex-start",
                "vertical_alignment": "center",
                "align_baseline": false,
                "horizontal_alignment_flex_direction_column": "flex-start",
                "vertical_alignment_flex_direction_column": "center",
                "gap": 4,
                "width": "fill",
                "custom_width": 100,
                "width_mobile": "fill",
                "custom_width_mobile": 100,
                "height": "fit",
                "custom_height": 100,
                "inherit_color_scheme": true,
                "color_scheme": "",
                "background_media": "none",
                "video_position": "cover",
                "background_image_position": "cover",
                "border": "none",
                "border_width": 1,
                "border_opacity": 100,
                "border_radius": 0,
                "toggle_overlay": false,
                "overlay_color": "#00000026",
                "overlay_style": "solid",
                "gradient_direction": "to top",
                "padding-block-start": 0,
                "padding-block-end": 0,
                "padding-inline-start": 0,
                "padding-inline-end": 0
              },
              "blocks": {
                "product_title_3QjUff": {
                  "type": "product-title",
                  "name": "t:names.product_title",
                  "settings": {
                    "width": "fit-content",
                    "max_width": "normal",
                    "alignment": "left",
                    "type_preset": "rte",
                    "font": "var(--font-body--family)",
                    "font_size": "1rem",
                    "line_height": "normal",
                    "letter_spacing": "normal",
                    "case": "none",
                    "wrap": "pretty",
                    "color": "var(--color-foreground)",
                    "background": false,
                    "background_color": "#00000026",
                    "corner_radius": 0,
                    "padding-block-start": 0,
                    "padding-block-end": 0,
                    "padding-inline-start": 0,
                    "padding-inline-end": 0
                  },
                  "blocks": {}
                },
                "price": {
                  "type": "price",
                  "settings": {
                    "show_sale_price_first": true,
                    "show_installments": false,
                    "show_tax_info": false,
                    "type_preset": "h6",
                    "width": "fit-content",
                    "alignment": "left",
                    "font": "var(--font-body--family)",
                    "font_size": "1rem",
                    "line_height": "normal",
                    "letter_spacing": "normal",
                    "case": "none",
                    "color": "var(--color-foreground)",
                    "padding-block-start": 0,
                    "padding-block-end": 0,
                    "padding-inline-start": 0,
                    "padding-inline-end": 0
                  },
                  "blocks": {}
                },
                "swatches_xWhL7M": {
                  "type": "swatches",
                  "name": "t:names.swatches",
                  "settings": {
                    "product_swatches_alignment": "flex-start",
                    "product_swatches_alignment_mobile": "flex-start",
                    "hide_padding": false,
                    "product_swatches_padding_top": 4,
                    "product_swatches_padding_bottom": 0,
                    "product_swatches_padding_left": 0,
                    "product_swatches_padding_right": 0
                  },
                  "blocks": {}
                }
              },
              "block_order": [
                "product_title_3QjUff",
                "price",
                "swatches_xWhL7M"
              ]
            }
          },
          "block_order": [
            "card-gallery",
            "group"
          ]
        }
      },
      "settings": {
        "layout_type": "grid",
        "product_card_size": "medium",
        "mobile_product_card_size": "small",
        "product_grid_width": "centered",
        "full_width_on_mobile": true,
        "columns_gap_horizontal": 16,
        "columns_gap_vertical": 16,
        "padding-inline-start": 0,
        "padding-inline-end": 0,
        "color_scheme": "scheme-1",
        "padding-block-start": 0,
        "padding-block-end": 32
      }
    }
  },
  "order": [
    "section",
    "main"
  ]
}