{"sections":{"main":{"type":"product-information","blocks":{"media-gallery":{"type":"_product-media-gallery","static":true,"settings":{"media_presentation":"grid","media_columns":"two","image_gap":4,"large_first_image":false,"icons_style":"arrows_large","slideshow_controls_style":"thumbnails","slideshow_mobile_controls_style":"dots","thumbnail_position":"bottom","thumbnail_width":67,"aspect_ratio":"adapt","media_radius":0,"extend_media":true,"constrain_to_viewport":true,"zoom":true,"video_loop":true,"hide_variants":true,"padding-block-start":0,"padding-block-end":0,"padding-inline-start":0,"padding-inline-end":0},"blocks":{}},"product-details":{"type":"_product-details","static":true,"settings":{"width":"fill","custom_width":100,"width_mobile":"fill","custom_width_mobile":100,"height":"fit","details_position":"flex-start","gap":28,"sticky_details_desktop":true,"inherit_color_scheme":true,"color_scheme":"scheme-1","background_media":"none","video_position":"cover","background_image_position":"cover","border":"none","border_width":1,"border_opacity":100,"border_radius":0,"padding-block-start":24,"padding-block-end":24,"padding-inline-start":0,"padding-inline-end":0},"blocks":{"group_icgrde":{"type":"group","name":"Header","settings":{"link":"","open_in_new_tab":false,"content_direction":"column","vertical_on_mobile":true,"horizontal_alignment":"flex-start","vertical_alignment":"center","align_baseline":false,"horizontal_alignment_flex_direction_column":"flex-start","vertical_alignment_flex_direction_column":"center","gap":12,"width":"fill","custom_width":100,"width_mobile":"fill","custom_width_mobile":100,"height":"fit","custom_height":100,"inherit_color_scheme":true,"color_scheme":"","background_media":"none","video_position":"cover","background_image_position":"cover","border":"none","border_width":1,"border_opacity":100,"border_radius":0,"toggle_overlay":false,"overlay_color":"#00000026","overlay_style":"solid","gradient_direction":"to top","padding-block-start":0,"padding-block-end":0,"padding-inline-start":0,"padding-inline-end":0},"blocks":{"text_xrnftG":{"type":"text","settings":{"text":"<h1>{{ closest.product.title }}<\/h1>","width":"100%","max_width":"normal","alignment":"left","type_preset":"h3","font":"var(--font-primary--family)","font_size":"","line_height":"normal","letter_spacing":"normal","case":"none","wrap":"pretty","color":"","background":false,"background_color":"#00000026","corner_radius":0,"padding-block-start":0,"padding-block-end":0,"padding-inline-start":0,"padding-inline-end":0},"blocks":{}},"price_tVjtKg":{"type":"price","settings":{"show_sale_price_first":true,"show_installments":false,"show_tax_info":false,"type_preset":"paragraph","width":"100%","alignment":"left","font":"var(--font-body--family)","font_size":"1rem","line_height":"normal","letter_spacing":"normal","case":"none","color":"var(--color-foreground)","padding-block-start":4,"padding-block-end":0,"padding-inline-start":0,"padding-inline-end":0},"blocks":{}}},"block_order":["text_xrnftG","price_tVjtKg"]},"divider_VJhene":{"type":"_divider","name":"t:names.divider","settings":{"thickness":1,"corner_radius":"square","width_percent":100,"padding-block-start":0,"padding-block-end":0},"blocks":{}},"variant_picker_R3rGDr":{"type":"variant-picker","settings":{"variant_style":"dropdowns","show_swatches":false,"alignment":"left","padding-block-start":0,"padding-block-end":0,"padding-inline-start":0,"padding-inline-end":0},"blocks":{}},"buy_buttons_eYQEYi":{"type":"buy-buttons","settings":{"stacking":true,"show_pickup_availability":false,"padding-block-start":0,"padding-block-end":0,"padding-inline-start":0,"padding-inline-end":0},"blocks":{"quantity":{"type":"quantity","static":true,"settings":{},"blocks":{}},"add-to-cart":{"type":"add-to-cart","static":true,"settings":{"style_class":"button"},"blocks":{}},"accelerated-checkout":{"type":"accelerated-checkout","static":true,"settings":{},"blocks":{}}},"block_order":[]},"group_JbmQwr":{"type":"group","name":"Policies","settings":{"link":"","open_in_new_tab":false,"content_direction":"column","vertical_on_mobile":true,"horizontal_alignment":"flex-start","vertical_alignment":"center","align_baseline":false,"horizontal_alignment_flex_direction_column":"flex-start","vertical_alignment_flex_direction_column":"center","gap":12,"width":"fill","custom_width":100,"width_mobile":"fill","custom_width_mobile":100,"height":"fit","custom_height":100,"inherit_color_scheme":true,"color_scheme":"","background_media":"none","video_position":"cover","background_image_position":"cover","border":"none","border_width":1,"border_opacity":100,"border_radius":0,"toggle_overlay":false,"overlay_color":"#00000026","overlay_style":"solid","gradient_direction":"to top","padding-block-start":0,"padding-block-end":0,"padding-inline-start":0,"padding-inline-end":0},"blocks":{"group_ntP7QE":{"type":"group","name":"Shipping policy","settings":{"link":"","open_in_new_tab":false,"content_direction":"row","vertical_on_mobile":false,"horizontal_alignment":"flex-start","vertical_alignment":"center","align_baseline":false,"horizontal_alignment_flex_direction_column":"flex-start","vertical_alignment_flex_direction_column":"center","gap":12,"width":"fill","custom_width":100,"width_mobile":"fill","custom_width_mobile":100,"height":"fit","custom_height":100,"inherit_color_scheme":true,"color_scheme":"","background_media":"none","video_position":"cover","background_image_position":"cover","border":"none","border_width":1,"border_opacity":100,"border_radius":0,"toggle_overlay":false,"overlay_color":"#00000026","overlay_style":"solid","gradient_direction":"to top","padding-block-start":0,"padding-block-end":0,"padding-inline-start":0,"padding-inline-end":0},"blocks":{"icon_atCepq":{"type":"icon","name":"t:names.icon","settings":{"icon":"truck","width":16,"link":"","open_in_new_tab":false},"blocks":{}},"text_GYmbzh":{"type":"text","name":"t:names.text","settings":{"text":"<p>Reliable shipping<\/p>","width":"fit-content","max_width":"normal","alignment":"left","type_preset":"rte","font":"var(--font-primary--family)","font_size":"","line_height":"normal","letter_spacing":"normal","case":"none","wrap":"pretty","color":"","background":false,"background_color":"#00000026","corner_radius":0,"padding-block-start":0,"padding-block-end":0,"padding-inline-start":0,"padding-inline-end":0},"blocks":{}}},"block_order":["icon_atCepq","text_GYmbzh"]},"group_7xLQDW":{"type":"group","name":"Return policy","settings":{"link":"","open_in_new_tab":false,"content_direction":"row","vertical_on_mobile":false,"horizontal_alignment":"flex-start","vertical_alignment":"center","align_baseline":false,"horizontal_alignment_flex_direction_column":"flex-start","vertical_alignment_flex_direction_column":"center","gap":12,"width":"fill","custom_width":100,"width_mobile":"fill","custom_width_mobile":100,"height":"fit","custom_height":100,"inherit_color_scheme":true,"color_scheme":"","background_media":"none","video_position":"cover","background_image_position":"cover","border":"none","border_width":1,"border_opacity":100,"border_radius":0,"toggle_overlay":false,"overlay_color":"#00000026","overlay_style":"solid","gradient_direction":"to top","padding-block-start":0,"padding-block-end":0,"padding-inline-start":0,"padding-inline-end":0},"blocks":{"icon_kqeLmr":{"type":"icon","name":"t:names.icon","settings":{"icon":"return","width":16,"link":"","open_in_new_tab":false},"blocks":{}},"text_97ypyG":{"type":"text","name":"t:names.text","settings":{"text":"<p>Flexible returns<\/p>","width":"fit-content","max_width":"normal","alignment":"left","type_preset":"rte","font":"var(--font-primary--family)","font_size":"","line_height":"normal","letter_spacing":"normal","case":"none","wrap":"pretty","color":"","background":false,"background_color":"#00000026","corner_radius":0,"padding-block-start":0,"padding-block-end":0,"padding-inline-start":0,"padding-inline-end":0},"blocks":{}}},"block_order":["icon_kqeLmr","text_97ypyG"]}},"block_order":["group_ntP7QE","group_7xLQDW"]},"text_aEtTtq":{"type":"text","name":"Product description","settings":{"text":"{{ closest.product.description }}","width":"100%","max_width":"normal","alignment":"left","type_preset":"rte","font":"var(--font-primary--family)","font_size":"","line_height":"normal","letter_spacing":"normal","case":"none","wrap":"pretty","color":"","background":false,"background_color":"#00000026","corner_radius":0,"padding-block-start":0,"padding-block-end":0,"padding-inline-start":0,"padding-inline-end":0},"blocks":{}}},"block_order":["group_icgrde","divider_VJhene","variant_picker_R3rGDr","buy_buttons_eYQEYi","group_JbmQwr","text_aEtTtq"]}},"settings":{"content_width":"content-center-aligned","desktop_media_position":"left","equal_columns":false,"limit_details_width":false,"gap":48,"color_scheme":"","padding-block-start":0,"padding-block-end":0}},"product_recommendations_qggXJq":{"type":"product-recommendations","blocks":{"text_cbcgyb":{"type":"text","name":"t:names.header","settings":{"text":"<h3>You may also like <\/h3>","width":"fit-content","max_width":"normal","alignment":"left","type_preset":"rte","font":"var(--font-primary--family)","font_size":"","line_height":"normal","letter_spacing":"normal","case":"none","wrap":"pretty","color":"","background":false,"background_color":"#00000026","corner_radius":0,"padding-block-start":0,"padding-block-end":0,"padding-inline-start":0,"padding-inline-end":0},"blocks":{}},"static-product-card":{"type":"_product-card","name":"t:names.product_card","static":true,"settings":{"product_card_gap":8,"inherit_color_scheme":true,"color_scheme":"","border":"none","border_width":1,"border_opacity":100,"border_radius":0,"padding-block-start":0,"padding-block-end":0,"padding-inline-start":0,"padding-inline-end":0},"blocks":{"product_card_gallery_DNizbJ":{"type":"_product-card-gallery","name":"t:names.product_card_media","settings":{"image_ratio":"portrait","border":"none","border_width":1,"border_opacity":100,"border_radius":0,"padding-block-start":0,"padding-block-end":0,"padding-inline-start":0,"padding-inline-end":0},"blocks":{}},"group_zGryyP":{"type":"_product-card-group","settings":{"link":"","open_in_new_tab":false,"content_direction":"column","vertical_on_mobile":true,"horizontal_alignment":"flex-start","vertical_alignment":"center","align_baseline":false,"horizontal_alignment_flex_direction_column":"flex-start","vertical_alignment_flex_direction_column":"center","gap":4,"width":"fill","custom_width":100,"width_mobile":"fill","custom_width_mobile":100,"height":"fit","custom_height":100,"inherit_color_scheme":true,"color_scheme":"","background_media":"none","video_position":"cover","background_image_position":"cover","border":"none","border_width":1,"border_opacity":100,"border_radius":0,"toggle_overlay":false,"overlay_color":"#00000026","overlay_style":"solid","gradient_direction":"to top","padding-block-start":0,"padding-block-end":0,"padding-inline-start":0,"padding-inline-end":0},"blocks":{"product_title_Dk8awd":{"type":"product-title","name":"t:names.product_title","settings":{"width":"fit-content","max_width":"normal","alignment":"left","type_preset":"rte","font":"var(--font-body--family)","font_size":"1rem","line_height":"normal","letter_spacing":"normal","case":"none","wrap":"pretty","color":"var(--color-foreground)","background":false,"background_color":"#00000026","corner_radius":0,"padding-block-start":0,"padding-block-end":0,"padding-inline-start":0,"padding-inline-end":0},"blocks":{}},"price_AUnDAd":{"type":"price","settings":{"show_sale_price_first":true,"show_installments":false,"show_tax_info":false,"type_preset":"h6","width":"100%","alignment":"left","font":"var(--font-body--family)","font_size":"1rem","line_height":"normal","letter_spacing":"normal","case":"none","color":"var(--color-foreground)","padding-block-start":0,"padding-block-end":0,"padding-inline-start":0,"padding-inline-end":0},"blocks":{}},"swatches_yPCmba":{"type":"swatches","settings":{"product_swatches_alignment":"flex-start","product_swatches_alignment_mobile":"flex-start","hide_padding":false,"product_swatches_padding_top":4,"product_swatches_padding_bottom":0,"product_swatches_padding_left":0,"product_swatches_padding_right":0},"blocks":{}}},"block_order":["product_title_Dk8awd","price_AUnDAd","swatches_yPCmba"]}},"block_order":["product_card_gallery_DNizbJ","group_zGryyP"]}},"block_order":["text_cbcgyb"],"name":"t:names.product_recommendations","settings":{"product":"{{ closest.product }}","recommendation_type":"related","layout_type":"grid","carousel_on_mobile":false,"max_products":4,"columns":4,"mobile_columns":"2","columns_gap":12,"rows_gap":24,"icons_style":"arrow","icons_shape":"none","section_width":"page-width","gap":28,"color_scheme":"scheme-1","padding-block-start":48,"padding-block-end":48}}},"order":["main","product_recommendations_qggXJq"]}