{"sections":{"replo_new_hp_top_module_test_DErTDm":{"type":"replo-new-hp-top-module-test","name":"New HP Top Module Test","settings":{"replo_url_18c9edfc-074c-4868-adde-d3ec0e3a8e75":"","replo_text_630cc102-6cb0-44dd-a6fa-a3953f0b32ed":"<p>Say Goodbye<\/p><p>To Sweaty Sleeping<\/p>","replo_url_13d16138-3f71-4e23-871b-10d6b3f73901":"","replo_url_9b89c919-e9d5-449e-b586-7607a8137382":"","replo_text_4007bca7-f473-4959-b8ca-d6006cb3d535":"<p>SHOP ALL<\/p>","replo_text_9f545503-02cd-47f2-b8a5-b8495ee0093d":"<p>SHOP SALE<\/p>"}},"replo_hp_top_module_hHmU9Y":{"type":"replo-hp-top-module","disabled":true,"name":"HP Top Module","settings":{"replo_text_46c3b974-0c94-454c-a34f-08804ea08534":"<p>Say Goodbye<\/p><p>to Sweaty Sleeping<\/p>","replo_text_5c6b2997-c600-46e8-b382-deb3199b7690":"<p>Ridiculously soft clothing<\/p><p>that's cool to the touch.<\/p>","replo_text_fb9d7e28-0fd9-4558-a58f-20a7219ecd3c":"<p>10,000+ 5 Star Reviews<\/p>","replo_text_4a26ee17-d607-4a06-b8eb-dd562357b76c":"<p><strong>Free Shipping Orders $75+<\/strong><\/p>","replo_text_72c8f92d-a0f6-4cc4-932f-c9c3f83770aa":"<p><strong>Over <\/strong><\/p>","replo_url_2de53372-8fcf-4399-a386-8d91278bf287":"","replo_text_dd95ec42-4737-4356-a1a9-e78f6b7b3e8f":"<p>SHOP NOW<\/p>","replo_text_7e6da7ba-ece4-46c9-b05a-540a2ba6a2f7":"<p>Premium<\/p><p>Metal Ring<\/p>","replo_text_ce63305a-e0fc-41f9-9bf4-448724b5034d":"<p>99 Day<\/p><p>Risk-free trial<\/p>","replo_text_7dbcf0e1-0516-453a-8a92-a96c13819c87":"<p>Lost & Forever<\/p><p>Fit Protection<\/p>","replo_url_8efdc4e7-47fa-48e8-833e-68c396cf778c":""}},"replo_as_seen_in_R48Hxb":{"type":"replo-as-seen-in","settings":{}},"second_module_LYmQiQ":{"type":"second-module","blocks":{"image_block_gMRJgR":{"type":"image_block","settings":{"image_desktop":"shopify:\/\/shop_images\/Jambys_Image.png","image_mobile":"shopify:\/\/shop_images\/Jambys_Image_90bac947-acf0-414f-b704-5a8745154061.png","title":"JAMBYS","subtitle":"Boxer with Pockets","link":"shopify:\/\/collections\/jambys"}},"image_block_XTQ6Hf":{"type":"image_block","settings":{"image_desktop":"shopify:\/\/shop_images\/Bestsellers_Image.png","image_mobile":"shopify:\/\/shop_images\/Bestsellers_Image_504ba080-e944-446a-9816-06dc965b33a6.png","title":"BESTSELLERS","subtitle":"The JamFam's Favorites","link":"shopify:\/\/collections\/bestsellers"}},"image_block_QRCg9g":{"type":"image_block","settings":{"image_desktop":"shopify:\/\/shop_images\/Tops_Image.png","image_mobile":"shopify:\/\/shop_images\/Tops_Image_802c6991-489a-4244-80c3-64fb3dd703df.png","title":"TOPS","subtitle":"Tees, Hoodies, Pajamas","link":"shopify:\/\/collections\/tops"}},"image_block_zhqQpd":{"type":"image_block","settings":{"image_desktop":"shopify:\/\/shop_images\/Bottoms_Image.png","image_mobile":"shopify:\/\/shop_images\/Bottoms_Image_6aa45852-18b5-48b4-b079-473df599efcd.png","title":"BOTTOMS","subtitle":"Pants, Shorts, Pajamas","link":"shopify:\/\/collections\/bottoms"}}},"block_order":["image_block_gMRJgR","image_block_XTQ6Hf","image_block_QRCg9g","image_block_zhqQpd"],"settings":{"title":"Categories","link":"shopify:\/\/collections","alignment":"left"}},"615171c0-bf9d-4b5b-935e-2bc51ee2c6d1":{"type":"dtc-shop-by-category","blocks":{"657933af-ee12-4e8b-891e-42ffa4c45df7":{"type":"category","settings":{"category_image":"shopify:\/\/shop_images\/bottomscategories_2.png","category_title":"Bottoms","category_description":"Pants, Shorts, Pajamas and Joggers","category_link":"shopify:\/\/collections\/bottoms"}},"df5abcf9-c485-41af-8bd3-d96d4471cc7c":{"type":"category","settings":{"category_image":"shopify:\/\/shop_images\/topscategories_2.png","category_title":"Tops","category_description":"Tees, Hoodies, Pajamas and more","category_link":"shopify:\/\/collections\/tops"}},"1c4b972f-1672-4b0a-81d4-a5d572db1b6e":{"type":"category","settings":{"category_image":"shopify:\/\/shop_images\/brittany-charles-homepage.jpg","category_title":"Best Sellers","category_description":"The JamFam's Favorites","category_link":"shopify:\/\/collections\/best-sellers"}},"900e09f5-3a6a-434e-99b5-a10f2009d35b":{"type":"category","settings":{"category_image":"shopify:\/\/shop_images\/Jambyscategories_2.png","category_title":"Jambys Boxers with Pockets","category_description":"The House Shorts that Made Us Famous","category_link":"shopify:\/\/collections\/jambys"}}},"block_order":["657933af-ee12-4e8b-891e-42ffa4c45df7","df5abcf9-c485-41af-8bd3-d96d4471cc7c","1c4b972f-1672-4b0a-81d4-a5d572db1b6e","900e09f5-3a6a-434e-99b5-a10f2009d35b"],"disabled":true,"settings":{"section_custom_class":"shop-by-category-original","section_title":"Categories","section_background":"#f3f4f9"}},"aae5b1ff-fca2-469b-90b3-827d2e0f1ad4":{"type":"favorite-section","blocks":{"favorite_a_7Wztmt":{"type":"favorite-a","settings":{"product":"cabernet-floof-crew"}},"b4e3256f-7940-4ef5-803e-970055bcbbeb":{"type":"favorite-a","settings":{"product":"gray-lavender-jamtee"}},"ea70b0f5-8d83-4b72-a745-0b98c726a8a2":{"type":"favorite-a","settings":{"product":"lavender-chilluxe-hoodie"}},"3b12dce0-10b8-4924-81b0-de9d6011e676":{"type":"favorite-a","settings":{"product":"clouds-floof-crew"}},"1721c883-4368-410c-bf84-e0ba898fab3a":{"type":"favorite-a","settings":{"product":"cabernet-lavender-jambys"}},"favorite_b_HiQph3":{"type":"favorite-b","settings":{"product":"gray-black-jamtee"}},"060b2d1f-d531-4d1a-9122-2e93440f1d6f":{"type":"favorite-b","settings":{"product":"noveau-softstretch-basketball-shorts"}},"fd02df1c-24d3-47c9-9bc1-569f67a69dfa":{"type":"favorite-b","settings":{"product":"navy-white-lavender-hugby"}},"favorite_b_8fNnVW":{"type":"favorite-b","settings":{"product":"black-flight-suit"}},"favorite_c_7WaiiK":{"type":"favorite-c","settings":{"product":"black-black-long-jambys"}},"favorite_c_3XdeMV":{"type":"favorite-c","settings":{"product":"black-black-jamtee"}},"favorite_c_PVPkLk":{"type":"favorite-c","settings":{"product":"gray-black-long-jambys"}},"favorite_c_yf7awd":{"type":"favorite-c","settings":{"product":"black-hugby-1"}},"favorite_c_XcNHWi":{"type":"favorite-c","settings":{"product":"gray-black-jamtee"}}},"block_order":["favorite_a_7Wztmt","b4e3256f-7940-4ef5-803e-970055bcbbeb","ea70b0f5-8d83-4b72-a745-0b98c726a8a2","3b12dce0-10b8-4924-81b0-de9d6011e676","1721c883-4368-410c-bf84-e0ba898fab3a","favorite_b_HiQph3","060b2d1f-d531-4d1a-9122-2e93440f1d6f","fd02df1c-24d3-47c9-9bc1-569f67a69dfa","favorite_b_8fNnVW","favorite_c_7WaiiK","favorite_c_3XdeMV","favorite_c_PVPkLk","favorite_c_yf7awd","favorite_c_XcNHWi"],"disabled":true,"settings":{"title":"Shop Favorites","toggler-left":"Womens","toggler-center":"Mens","toggler-right":"All","cta-url-a":"shopify:\/\/collections\/womens-old-185d87","cta-url-b":"shopify:\/\/collections\/best-sellers","cta-url-c":"shopify:\/\/collections\/mens","cta-text-a":"Shop Womens Favorites","cta-text-b":"Favorites","cta-text-c":"Shop Mens Favorites"}},"featured-collection":{"type":"featured-collection","settings":{"title":"Bestsellers","title_alignment":"center","body_text":"","collection":"all-products","product_type_collection":false,"related_products_metafield":false,"layout":"carousel","show_vendor":false,"grid":4,"rows":1,"grid_mobile":"2","hide_swatches":false,"alternate_bg_color":true,"show_view_all":false,"wave":"none","color_bg":"#f3f4f9"}},"7bdedc8b-8136-4727-b94d-c98612786413":{"type":"image-carousel","blocks":{"0315b940-754e-43f6-8cac-7e3350bcfeee":{"type":"image","settings":{"image":"shopify:\/\/shop_images\/jambys_ugc2_b72a3ab0-bb05-46b2-8f70-4abf14ca9dae.jpg"}},"f7f1e60f-a568-4a06-b6e1-128dcb442ad5":{"type":"image","settings":{"image":"shopify:\/\/shop_images\/Jambys_UserImages_31.jpg"}},"8e2892a8-8c75-47d1-b79f-c93bf5ac926c":{"type":"image","settings":{"image":"shopify:\/\/shop_images\/jambys_ugc6_2e44d705-ac66-4885-b414-d5821356f916.jpg"}},"001fdf77-2f66-4587-a5fc-fb0ba2509b88":{"type":"image","settings":{"image":"shopify:\/\/shop_images\/jambys_ugc7.jpg"}},"09f85988-a3e0-49c1-ad2f-46e28ccad218":{"type":"image","settings":{"image":"shopify:\/\/shop_images\/Jambys_UserImages_12.jpg"}},"e7f89338-13ca-4505-8579-c746f5d0a65f":{"type":"image","settings":{"image":"shopify:\/\/shop_images\/jambys_ugc4_12573743-15dc-46e6-bff0-4d876e0af2ec.jpg"}},"fa6322a9-9267-4911-97e1-da96595df255":{"type":"image","settings":{"image":"shopify:\/\/shop_images\/jambys_ugc10.jpg"}},"04067e15-2237-434a-bf0d-d41964024aff":{"type":"image","settings":{"image":"shopify:\/\/shop_images\/Jambys_UserImages_35.jpg"}},"25c589cb-b94d-49ea-8e75-07b9f0d15d4d":{"type":"image","settings":{"image":"shopify:\/\/shop_images\/Jambys_UserImages_56.jpg"}}},"block_order":["0315b940-754e-43f6-8cac-7e3350bcfeee","f7f1e60f-a568-4a06-b6e1-128dcb442ad5","8e2892a8-8c75-47d1-b79f-c93bf5ac926c","001fdf77-2f66-4587-a5fc-fb0ba2509b88","09f85988-a3e0-49c1-ad2f-46e28ccad218","e7f89338-13ca-4505-8579-c746f5d0a65f","fa6322a9-9267-4911-97e1-da96595df255","04067e15-2237-434a-bf0d-d41964024aff","25c589cb-b94d-49ea-8e75-07b9f0d15d4d"],"settings":{"background_color":"#bdbaf6","carousel_speed":70}},"16445400345a4b1e35":{"type":"reviews-marquee","blocks":{"ef91571c-5a38-42ff-b804-1c07e1a76576":{"type":"select","settings":{"is_blank_1":false,"points_right_1":true,"title_1":"<p>Comfiest shorts I own!<\/p>","name_1":"Emma D.","classname_1":"row-span-4 col-span-3 row-start-2 col-start-3","bubble_classname_1":"","attributes_1":"","alignment_1":"self-center","justified_1":"justify-self-center","is_blank_2":false,"points_right_2":false,"title_2":"<p>So comfy. Just get them<\/p>","name_2":"Thomas D.","classname_2":"row-span-5 col-span-4 row-start-7 col-start-2","bubble_classname_2":"","attributes_2":"","alignment_2":"self-center","justified_2":"justify-self-start"}},"ac7408ad-db73-4500-8ee0-b790777a6a75":{"type":"select","settings":{"is_blank_1":true,"points_right_1":false,"title_1":"","name_1":"","classname_1":"row-span-3 col-span-3 col-start-1 row-start-12","bubble_classname_1":"","attributes_1":"","alignment_1":"self-center","justified_1":"justify-self-center","is_blank_2":false,"points_right_2":true,"title_2":"<p>Customer service rocked<\/p>","name_2":"Gabrielle S.","classname_2":"row-span-4 col-span-4 row-start-14 col-start-4","bubble_classname_2":"","attributes_2":"","alignment_2":"self-center","justified_2":"justify-self-center"}},"c3474d9d-590b-41e6-8035-1089ab2eec33":{"type":"select","settings":{"is_blank_1":false,"points_right_1":false,"title_1":"<p>Best customer service EVER!<\/p>","name_1":"Stephanie C.","classname_1":"row-span-4 col-span-4 col-start-6 row-start-3","bubble_classname_1":"","attributes_1":"","alignment_1":"self-center","justified_1":"justify-self-center","is_blank_2":false,"points_right_2":true,"title_2":"<p>LIKE RUBBING YOUR FACE IN A CLOUD<\/p>","name_2":"Paul H.","classname_2":"row-span-5 col-span-4 col-start-7 row-start-8","bubble_classname_2":"","attributes_2":"","alignment_2":"self-center","justified_2":"justify-self-center"}},"e5e249f3-bc0d-4faf-a6f0-81d4f534b68c":{"type":"select","settings":{"is_blank_1":false,"points_right_1":false,"title_1":"<p>So comfortable, absolutely loving them<\/p>","name_1":"Michael L.","classname_1":"row-span-5 col-span-4 row-start-15 col-start-8","bubble_classname_1":"","attributes_1":"","alignment_1":"self-center","justified_1":"justify-self-center","is_blank_2":false,"points_right_2":true,"title_2":"<p>Gods greatest gift to earth and man kind<\/p>","name_2":"Kevin F.","classname_2":"row-span-4 col-span-5 row-start-1 col-start-10","bubble_classname_2":"","attributes_2":"","alignment_2":"self-center","justified_2":"justify-self-center"}},"65d42fce-2b7e-4b70-b6d8-75857eadf3d8":{"type":"select","settings":{"is_blank_1":false,"points_right_1":false,"title_1":"<p>I may never wear any other pants ever again.<\/p>","name_1":"Brianna W.","classname_1":"row-span-5 col-span-4 row-start-6 col-start-11","bubble_classname_1":"","attributes_1":"","alignment_1":"self-center","justified_1":"justify-self-center","is_blank_2":true,"points_right_2":false,"title_2":"","name_2":"","classname_2":"row-span-4 col-span-2 row-start-12 col-start-12","bubble_classname_2":"","attributes_2":"","alignment_2":"self-center","justified_2":"justify-self-center"}},"08348c07-4196-47be-8b0a-aa1788679248":{"type":"select","settings":{"is_blank_1":false,"points_right_1":true,"title_1":"<p>Even comfier than you’d think they’d be<\/p>","name_1":"Kirby Z.","classname_1":"row-span-4 col-span-5 row-start-16 col-start-13","bubble_classname_1":"","attributes_1":"","alignment_1":"self-center","justified_1":"justify-self-center","is_blank_2":false,"points_right_2":false,"title_2":"<p>Perfect for all genders!<\/p>","name_2":"Susan B.","classname_2":"row-span-4 col-span-4 row-start-2 col-start-15","bubble_classname_2":"","attributes_2":"","alignment_2":"self-center","justified_2":"justify-self-center"}},"07c2c881-377c-484f-bd1f-2a45e0b2910d":{"type":"select","settings":{"is_blank_1":false,"points_right_1":false,"title_1":"<p>I didn't believe the hype could be real. You forget you're wearing clothes!<\/p>","name_1":"Samantha R.","classname_1":"row-span-5 col-span-5 col-start-15 row-start-9","bubble_classname_1":"","attributes_1":"","alignment_1":"self-center","justified_1":"justify-self-center","is_blank_2":false,"points_right_2":true,"title_2":"<p>Drunk ordered these for my boyfriend and he loves em!<\/p>","name_2":"Lindsey Q.","classname_2":"row-span-6 col-span-5 col-start-19 row-start-3","bubble_classname_2":"","attributes_2":"","alignment_2":"self-center","justified_2":"justify-self-center"}},"737e588f-2a0e-404c-bdda-ac7ed4782f46":{"type":"select","settings":{"is_blank_1":true,"points_right_1":false,"title_1":"","name_1":"","classname_1":"row-span-4 col-span-3 row-start-16 col-start-18","bubble_classname_1":"","attributes_1":"","alignment_1":"self-center","justified_1":"justify-self-center","is_blank_2":false,"points_right_2":false,"title_2":"<p>The perfect lounge shorts.<\/p>","name_2":"Timothy J.","classname_2":"row-span-4 col-span-4 row-start-11 col-start-20","bubble_classname_2":"","attributes_2":"","alignment_2":"self-center","justified_2":"justify-self-center"}},"68e1427f-1695-4a4c-991b-ac730b16f117":{"type":"select","settings":{"is_blank_1":false,"points_right_1":true,"title_1":"<p>These are a complete revelation.<\/p>","name_1":"Nicolas C.","classname_1":"row-span-4 col-span-5 row-start-16 col-start-22","bubble_classname_1":"","attributes_1":"","alignment_1":"self-center","justified_1":"justify-self-center","is_blank_2":false,"points_right_2":false,"title_2":"<p>I think the material might literally be the softest fabric I've ever felt.<\/p>","name_2":"Emma","classname_2":"row-span-5 col-span-5 col-start-24 row-start-2","bubble_classname_2":"","attributes_2":"","alignment_2":"self-center","justified_2":"justify-self-center"}},"0fb74066-f554-45ec-9eb0-14dd5763bb77":{"type":"select","settings":{"is_blank_1":true,"points_right_1":true,"title_1":"","name_1":"","classname_1":"row-span-4 col-span-3 row-start-9 col-start-24","bubble_classname_1":"","attributes_1":"","alignment_1":"self-center","justified_1":"justify-self-center","is_blank_2":false,"points_right_2":false,"title_2":"<p>WFH FTW<\/p>","name_2":"Nathan","classname_2":"row-span-3 col-span-3 row-start-17 col-start-27","bubble_classname_2":"","attributes_2":"","alignment_2":"self-center","justified_2":"justify-self-center"}},"d3ee6979-0c19-4beb-bab1-d57f0a315585":{"type":"select","settings":{"is_blank_1":false,"points_right_1":false,"title_1":"<p>I'm obsessed with these - and so is my girlfriend<\/p>","name_1":"Jacob","classname_1":"row-span-5 col-span-5 row-start-12 col-start-26 mb-2","bubble_classname_1":"","attributes_1":"","alignment_1":"self-center","justified_1":"justify-self-center","is_blank_2":false,"points_right_2":true,"title_2":"<p>My boys have not taken these off since they opened them!<\/p>","name_2":"Scott S.","classname_2":"row-span-6 col-span-5 col-start-29 ml-5 row-start-1","bubble_classname_2":"","attributes_2":"","alignment_2":"self-center","justified_2":"justify-self-center"}},"07842041-2d70-4227-866c-72a2b139d925":{"type":"select","settings":{"is_blank_1":false,"points_right_1":true,"title_1":"<p>Like being continuously hugged by an angel. Cute too.<\/p>","name_1":"Susanna P.","classname_1":"row-span-5 col-span-5 row-start-8 col-start-32 ml-4","bubble_classname_1":"","attributes_1":"","alignment_1":"self-center","justified_1":"justify-self-center","is_blank_2":false,"points_right_2":false,"title_2":"<p>Most comfortable shorts I've ever worn.<\/p>","name_2":"Julia C.","classname_2":"row-span-5 col-span-5 row-start-7 col-start-27","bubble_classname_2":"","attributes_2":"","alignment_2":"self-center","justified_2":"justify-self-center"}},"2e0b6c24-f607-4c69-85f1-eb77f3499fed":{"type":"select","settings":{"is_blank_1":false,"points_right_1":true,"title_1":"<p>Fast shipping. Affordable pricing. Unmatched comfort.<\/p>","name_1":"Kevin F.","classname_1":"row-span-5 col-span-5 row-start-14 col-start-31","bubble_classname_1":"","attributes_1":"","alignment_1":"self-center","justified_1":"justify-self-center","is_blank_2":false,"points_right_2":false,"title_2":"<p>These are the best loungewear \/ sleep shorts out there!<\/p>","name_2":"Stephen W.","classname_2":"row-span-5 col-span-5 mr-6 col-start-34 row-start-2","bubble_classname_2":"","attributes_2":"","alignment_2":"self-center","justified_2":"justify-self-center"}},"cd5415ec-bfcf-47f9-8f35-373bb3bdb89e":{"type":"select","settings":{"is_blank_1":false,"points_right_1":false,"title_1":"<p>SOOO SOFT!!!<\/p>","name_1":"Sarah M.","classname_1":"row-span-4 col-span-3 col-start-36 row-start-16","bubble_classname_1":"","attributes_1":"style=\"width: 180px;\"","alignment_1":"self-center","justified_1":"justify-self-center","is_blank_2":true,"points_right_2":true,"title_2":"<p>this is<\/p>","name_2":"","classname_2":"col-span-4 row-span-4","bubble_classname_2":"","attributes_2":"","alignment_2":"self-start","justified_2":"justify-self-start"}}},"block_order":["ef91571c-5a38-42ff-b804-1c07e1a76576","ac7408ad-db73-4500-8ee0-b790777a6a75","c3474d9d-590b-41e6-8035-1089ab2eec33","e5e249f3-bc0d-4faf-a6f0-81d4f534b68c","65d42fce-2b7e-4b70-b6d8-75857eadf3d8","08348c07-4196-47be-8b0a-aa1788679248","07c2c881-377c-484f-bd1f-2a45e0b2910d","737e588f-2a0e-404c-bdda-ac7ed4782f46","68e1427f-1695-4a4c-991b-ac730b16f117","0fb74066-f554-45ec-9eb0-14dd5763bb77","d3ee6979-0c19-4beb-bab1-d57f0a315585","07842041-2d70-4227-866c-72a2b139d925","2e0b6c24-f607-4c69-85f1-eb77f3499fed","cd5415ec-bfcf-47f9-8f35-373bb3bdb89e"],"settings":{"heading":"<p>People Love Jambys<\/p>","reviews_badge_link_text":"","animation_duration":35,"wave":"none","color_bg":"#ecebff"}},"background-video":{"type":"background-video","disabled":true,"settings":{"video":"https:\/\/cdn.shopify.com\/s\/files\/1\/0090\/4128\/1109\/files\/Header_Video_Brand_2_MobileAttempt_1.mp4?v=1653491604","mobile_video":"https:\/\/cdn.shopify.com\/videos\/c\/o\/v\/c2f2e5705d19477c87bf9e9562641264.mp4","placeholder_image":"shopify:\/\/shop_images\/Dancing.jpg","subheading":"","title":"Introducing\nPerformance Inactivewear","title_size":36,"heading_h1":false,"text":"<p>Super-soft and sustainable clothes that make you feel good at home<\/p>","enlarge_text":false,"button_label":"SHOP ALL","button_link":"shopify:\/\/collections\/bestsellers-2","overlay_position":"position--hcenter position--bottom","height":"fixed","height_desktop":720,"height_mobile":620,"full_width":true,"overlay_style_tint":true}},"affac160-88ec-44c5-93ae-79fcb9ed2902":{"type":"wave-divider","settings":{"wave":"none","wave_color":"#fcf2e0","wave_color_mobile":"#fcf2e0","add_padding":true,"behind_wave_color":"#f3f4f9"}},"image-with-text":{"type":"image-with-text","blocks":{"71efaaf5-f3d1-4e9a-9442-3162ffc66060":{"type":"bullet_point","settings":{"title":"Jambys Signature Fabrics","text":"<p>When it comes to your rest, we'll only settle for the best. Over three years, we <strong>developed proprietary fabrics<\/strong> that are incredibly comfortable — and made from <strong>sustainable and recycled fibers<\/strong>, too. Check the reviews.<\/p>"}}},"block_order":["71efaaf5-f3d1-4e9a-9442-3162ffc66060"],"settings":{"subheading":"","title":"Magical Fabrics for Magical Relaxation","title_above_image_mobile":true,"title_size":36,"text":"","button_label":"Shop All Products","button_link":"shopify:\/\/collections\/bestsellers-2","button_arrowless":true,"text_alignment":"center","text_width":50,"button_style":"secondary","image":"shopify:\/\/shop_images\/fabrics-frame-resized-home-page.jpg","video":"","image_width":100,"image_position":"left","media_size":"contain","color_scheme":"custom","color_bg":"#fafafa","color_text":"#36409a","font_size":16,"font_weight":400,"wave":"none","custom_bullet_point_icon":""}},"text-columns-with-images":{"type":"text-columns-with-images","blocks":{"1601557215944-1":{"type":"text_block","settings":{"enable_image":true,"image":"shopify:\/\/shop_images\/strategist_x110_10a58d34-f403-413e-9e41-826d1ea3d0a4.png","video":"","image_width":250,"title":"","text":"<p>“Right out of the package, they’re supersoft and somehow feel even better on. Seriously, I could wear them for days.”<\/p>","button_label":"","link":""}},"1601557215944-2":{"type":"text_block","settings":{"enable_image":true,"image":"shopify:\/\/shop_images\/Vector.png","video":"","image_width":110,"title":"","text":"<p>“I asked why boxers needed pockets. Then I wore a pair. Boxers need pockets. Buy your Jambys today.”<\/p>","button_label":"","link":""}},"1601557215944-0":{"type":"text_block","settings":{"enable_image":true,"image":"shopify:\/\/shop_images\/wired_x110_c01e2476-cc5b-4d48-9f69-b2a40434542f.png","video":"","image_width":260,"title":"","text":"<p>\"These are the softest, stretchiest, comfiest boxer-style shorts you're likely to find anywhere.\"<\/p>","button_label":"","link":""}}},"block_order":["1601557215944-1","1601557215944-2","1601557215944-0"],"settings":{"title":"","text_alignment":"center","button_style":"link","media_shape":"natural","alternate_bg_color":true,"full_width":false,"wave":"none","color_bg":"#ecebfd","font_size":18,"font_weight":600}},"1644536127dde24bbe":{"type":"featured-blog","disabled":true,"settings":{"title":"downtime","title_image":"shopify:\/\/shop_images\/downtime_2fa0a975-5be6-45fb-a067-a9e808853de8.png","blog":"downtime","title_alignment":"center","body_text":"Hard-hitting journalism from the <br>company that makes soft-hitting clothes","post_limit":6,"show_view_all":true,"blog_show_author":true,"blog_show_date":true,"layout":"carousel","blog_first_post_big":false,"height":"fixed","height_desktop":700,"height_mobile":500,"full_width":false,"overlay_style_tint":false,"autoplay":false,"autoplay_speed":7,"slide_transition":"slide","wave":"none","color_bg":"#bbbcdb"}},"1646702948f7b1b0d1":{"type":"downtime-preview","disabled":true,"settings":{"color_bg":"#ecebff"}},"4ceb4b9e-38e3-4d7f-883e-e21072523b23":{"type":"wave-divider","disabled":true,"settings":{"wave":"bottom","wave_color":"#c5c2fc","wave_color_mobile":"#c5c2fc","add_padding":false,"behind_wave_color":""}},"ac91ed3b-e89b-4cc8-9e6f-daa6a7f14cff":{"type":"wave-divider","disabled":true,"settings":{"wave":"top","wave_color":"#c5c2fc","wave_color_mobile":"#c5c2fc","add_padding":false,"behind_wave_color":""}},"164454190150311d49":{"type":"collection-list","blocks":{"1644541901b9401f58-1":{"type":"collection","settings":{"collection":"jambys","image":"shopify:\/\/shop_images\/Jambys_76c543a5-00d3-4435-863b-a22dccc8b9c9.png","block_bg_color":"#f3f4f9"}},"1644541901b9401f58-0":{"type":"collection","settings":{"collection":"long-jambys","image":"shopify:\/\/shop_images\/long_jambys_double.png","block_bg_color":"#f3f4f9"}},"1644541901b9401f58-2":{"type":"collection","settings":{"collection":"jamtees","image":"shopify:\/\/shop_images\/JamTee_e08134cb-9d72-405b-8077-9217c5d3a730.png","block_bg_color":"#f3f4f9"}},"f51b4060-2cb4-4bc0-8da9-87da3d4ccf5e":{"type":"collection","settings":{"collection":"house-hoodies","image":"shopify:\/\/shop_images\/househoodie.png","block_bg_color":"#f3f4f9"}},"e6d2800c-dd82-499f-be28-9ca540b8993a":{"type":"collection","settings":{"collection":"basketball-shorts","image":"shopify:\/\/shop_images\/bball.png","block_bg_color":"#f3f4f9"}},"e88c3e8f-3334-4a5e-9006-88bc345fdc89":{"type":"collection","settings":{"collection":"long-sleeve-jamtee","image":"shopify:\/\/shop_images\/longsleeve.png","block_bg_color":"#f3f4f9"}},"c1f5e180-085b-4eac-9226-878e7f852501":{"type":"collection","settings":{"collection":"pajambys","image":"shopify:\/\/shop_images\/pajambystop-flamingo-dana-sam-onmodel-double-ecom.png","block_bg_color":"#f3f4f9"}},"f673f84b-ca15-43cf-9f27-bd25cd8d571b":{"type":"collection","settings":{"collection":"soffle-shorts","image":"shopify:\/\/shop_images\/Frame_5.png","block_bg_color":"#f3f4f9"}},"c370d6ba-9034-42a3-9c19-44ed400619bb":{"type":"collection","settings":{"collection":"chilluxe-jogger","image":"shopify:\/\/shop_images\/chilluxejogger-navy-black-dana-clouseup.webp","block_bg_color":"#f3f4f9"}},"eeb6abf1-22a4-4211-95f8-f9fb977d6cfc":{"type":"collection","settings":{"collection":"chilluxe-hoodie","image":"shopify:\/\/shop_images\/chilluxehoodie-lavender-blest-marisa-double-onmodelecom-sized.webp","block_bg_color":"#f3f4f9"}},"ecdf043f-e921-4624-8201-9c27812da7ef":{"type":"collection","settings":{"collection":"chilluxe-crew","image":"shopify:\/\/shop_images\/chilluxecrew-charcoal-double-marisa-sam-onmodelecom-sized.webp","block_bg_color":"#f3f4f9"}},"8ceaa1f1-d3ed-4640-a655-e968358db730":{"type":"collection","settings":{"collection":"soffle-robe","image":"shopify:\/\/shop_images\/sofflerobe-lavender-marisa-kenny-onmodel-double-ecom.png","block_bg_color":""}},"dd674b27-89d7-4ae1-a2b4-9c0765a5b509":{"type":"collection","settings":{"collection":"air-jamtee","block_bg_color":""}},"be1b68af-4326-4685-ba62-5871f7731d46":{"type":"collection","disabled":true,"settings":{"collection":"air-short-short","block_bg_color":""}},"13b2b69c-6093-4057-9b3a-f25e03046b21":{"type":"collection","disabled":true,"settings":{"collection":"air-jamtank","block_bg_color":""}},"86e1d178-cc04-44ea-97bd-a364e94dbf2c":{"type":"collection","disabled":true,"settings":{"collection":"cozy-cloak","image":"shopify:\/\/shop_images\/cozycloak_ad44586c-f140-4aa1-879f-37b14fb671c0.png","block_bg_color":"#ecebfd"}}},"block_order":["1644541901b9401f58-1","1644541901b9401f58-0","1644541901b9401f58-2","f51b4060-2cb4-4bc0-8da9-87da3d4ccf5e","e6d2800c-dd82-499f-be28-9ca540b8993a","e88c3e8f-3334-4a5e-9006-88bc345fdc89","c1f5e180-085b-4eac-9226-878e7f852501","f673f84b-ca15-43cf-9f27-bd25cd8d571b","c370d6ba-9034-42a3-9c19-44ed400619bb","eeb6abf1-22a4-4211-95f8-f9fb977d6cfc","ecdf043f-e921-4624-8201-9c27812da7ef","8ceaa1f1-d3ed-4640-a655-e968358db730","dd674b27-89d7-4ae1-a2b4-9c0765a5b509","be1b68af-4326-4685-ba62-5871f7731d46","13b2b69c-6093-4057-9b3a-f25e03046b21","86e1d178-cc04-44ea-97bd-a364e94dbf2c"],"disabled":true,"settings":{"title":"Shop by Product","header_color":"#36409a","layout":"carousel","grid":4,"grid_mobile":"2","show_view_all":false,"alternate_bg_color":false,"wave":"none","color_bg":"#f3f4f9"}},"dtc_hero_unisex_L7AN9V":{"type":"dtc-hero-unisex","blocks":{"slide_BPWnpj":{"type":"slide","settings":{"image":"shopify:\/\/shop_images\/jamad-sofia-jambys.jpg","title":"Introducing Performance Inactivewear","description":"Super-soft clothing designed for your maximum comfort. Premium fabrics, magical relaxation.","button_label":"Shop Womens","button_link":"shopify:\/\/collections\/womens-old-185d87","btn_bg_color":"","btn_border_color":"","btn_text_color":"","btn_hover_color":"","btn_hover_text_color":"","second_button_label":"Shop Mens","second_button_link":"shopify:\/\/collections\/mens","btn2_bg_color":"","btn2_border_color":"","btn2_text_color":"","btn2_hover_color":"","btn2_hover_text_color":""}},"slide_VLBMqf":{"type":"slide","settings":{"image":"shopify:\/\/shop_images\/womensfav.jpg","title":"Shop Womens Favorites","description":"Premium, breathable fabrics knit from sustainable and recycled fibers.","button_label":"Womens Favorites","button_link":"shopify:\/\/collections\/womens-old-185d87","btn_bg_color":"","btn_border_color":"","btn_text_color":"","btn_hover_color":"","btn_hover_text_color":"","second_button_label":"","second_button_link":"","btn2_bg_color":"","btn2_border_color":"","btn2_text_color":"","btn2_hover_color":"","btn2_hover_text_color":""}},"slide_F9Lnqi":{"type":"slide","settings":{"image":"shopify:\/\/shop_images\/mensfav.jpg","title":"Shop Mens Favorites","description":"Your new most comfortable clothing. Guaranteed.","button_label":"Mens Favorites","button_link":"shopify:\/\/collections\/mens","btn_bg_color":"","btn_border_color":"","btn_text_color":"","btn_hover_color":"","btn_hover_text_color":"","second_button_label":"","second_button_link":"","btn2_bg_color":"","btn2_border_color":"","btn2_text_color":"","btn2_hover_color":"","btn2_hover_text_color":""}}},"block_order":["slide_BPWnpj","slide_VLBMqf","slide_F9Lnqi"],"disabled":true,"settings":{"loop_slider":true,"background_color":""}},"b806030c-f353-4e83-bf1c-a143ed445135":{"type":"five-star-reviews-banner","disabled":true,"settings":{"text":"8,000+ 5-Star Reviews","background_color":"#ecebff","text_color":"#36409a","text_size_mobile":16,"text_size_desktop":16,"padding_vertical_mobile":12,"padding_vertical_desktop":12,"wave":"none"}}},"order":["replo_new_hp_top_module_test_DErTDm","replo_hp_top_module_hHmU9Y","replo_as_seen_in_R48Hxb","second_module_LYmQiQ","615171c0-bf9d-4b5b-935e-2bc51ee2c6d1","aae5b1ff-fca2-469b-90b3-827d2e0f1ad4","featured-collection","7bdedc8b-8136-4727-b94d-c98612786413","16445400345a4b1e35","background-video","affac160-88ec-44c5-93ae-79fcb9ed2902","image-with-text","text-columns-with-images","1644536127dde24bbe","1646702948f7b1b0d1","4ceb4b9e-38e3-4d7f-883e-e21072523b23","ac91ed3b-e89b-4cc8-9e6f-daa6a7f14cff","164454190150311d49","dtc_hero_unisex_L7AN9V","b806030c-f353-4e83-bf1c-a143ed445135"]}