{"sections":{"main":{"type":"main-list-collections","blocks":{"e9c0589f-ba2b-4e9c-84f4-60e67e778ae2":{"type":"image","settings":{"collection":"new-confetti-collection"}},"033e1ff3-b654-4e10-80de-d00f6ad5368f":{"type":"image","settings":{"collection":"best-sellers"}},"6b11dc27-fecf-4dcd-8f89-a10908f39344":{"type":"image","settings":{"collection":"jambys"}},"0db97ba8-2f02-411b-a5c8-4f76142d5780":{"type":"image","settings":{"collection":"long-jambys"}},"cdee4e25-aaf1-4896-b04c-88b6512a8b6f":{"type":"image","settings":{"collection":"house-hoodies"}},"6db81f90-5880-4783-ba73-d8206e856d22":{"type":"image","settings":{"collection":"long-jambys"}},"637ee328-033a-4f06-a4d3-faae62206e57":{"type":"image","settings":{"collection":"couch-party-collection"}}},"block_order":["e9c0589f-ba2b-4e9c-84f4-60e67e778ae2","033e1ff3-b654-4e10-80de-d00f6ad5368f","6b11dc27-fecf-4dcd-8f89-a10908f39344","0db97ba8-2f02-411b-a5c8-4f76142d5780","cdee4e25-aaf1-4896-b04c-88b6512a8b6f","6db81f90-5880-4783-ba73-d8206e856d22","637ee328-033a-4f06-a4d3-faae62206e57"],"settings":{"title":"Collections","layout":"rows","grid":3,"display_type":"selected"}}},"order":["main"]}