{"sections":{"main":{"type":"main-page","disabled":true,"settings":{}},"1659390889b1b4cecf":{"type":"slideshow","blocks":{"16593908887bf91f6e-0":{"type":"image","settings":{"image":"shopify:\/\/shop_images\/jambys_group.jpg","desktop_image_position":"center center","mobile_image_position":"center center","slide_link":"shopify:\/\/collections\/jambys","subheading":"","title":"The most comfortable house shorts ever.","title_size":34,"heading_h1":false,"text":"<p>Upgrade your downtime with sustainably made super-soft shorts.<\/p>","enlarge_text":false,"button_label":"TRY JAMBYS","overlay_position":"position--left position--vcenter"}}},"block_order":["16593908887bf91f6e-0"],"settings":{"height":"adapt","height_desktop":600,"height_mobile":500,"full_width":true,"mobile_overlay_under":false,"overlay_style_tint":true,"slide_transition":"slide","slide_navigation":"arrows","autoplay":false,"autoplay_speed":7}},"1659391008bb23ef34":{"type":"text-columns-with-images","blocks":{"1659391008b376cee3-0":{"type":"text_block","settings":{"enable_image":true,"image":"shopify:\/\/shop_images\/jump_girl.webp","video":"","image_width":700,"title":"Add a title or tagline","text":"<p>Share blog posts, products, or promotions with your customers. Use this text to describe products, share details on availability and style, or as a space to display recent reviews or FAQs.<\/p>","button_label":"","link":""}},"1659391008b376cee3-1":{"type":"text_block","settings":{"enable_image":true,"video":"","image_width":700,"title":"Add a title or tagline","text":"<p>Share blog posts, products, or promotions with your customers. Use this text to describe products, share details on availability and style, or as a space to display recent reviews or FAQs.<\/p>","button_label":"","link":""}},"1659391008b376cee3-2":{"type":"text_block","settings":{"enable_image":true,"video":"","image_width":700,"title":"Add a title or tagline","text":"<p>Share blog posts, products, or promotions with your customers. Use this text to describe products, share details on availability and style, or as a space to display recent reviews or FAQs.<\/p>","button_label":"","link":""}}},"block_order":["1659391008b376cee3-0","1659391008b376cee3-1","1659391008b376cee3-2"],"settings":{"title":"","text_alignment":"left","button_style":"primary","media_shape":"natural","alternate_bg_color":false,"full_width":false,"wave":"none","color_bg":"#fef4e2","font_size":18,"font_weight":600}}},"order":["main","1659390889b1b4cecf","1659391008bb23ef34"]}