{"sections":{"16467459361279323f":{"type":"background-video","settings":{"video":"https:\/\/cdn.shopify.com\/s\/files\/1\/0090\/4128\/1109\/files\/jambys_hero_compressed_50_47f4a0c8-2ebf-4771-8ec5-4c96b4003a8f.mp4?v=1646736001","placeholder_image":"shopify:\/\/shop_images\/jambys_video_placeholder.jpg","subheading":"the essential","title":"\"Weekend off\" \nSupply Kit","title_size":60,"heading_h1":false,"text":"<p>for those with a need to do nothing<\/p>","enlarge_text":false,"button_label":"","button_link":"","overlay_position":"position--hcenter position--vcenter","height":"fixed","height_desktop":600,"height_mobile":500,"full_width":true,"overlay_style_tint":true}},"1646746229141ad47c":{"type":"text-columns-with-images","blocks":{"164674622969cee383-0":{"type":"text_block","settings":{"enable_image":true,"image":"shopify:\/\/shop_images\/HOUSE_HOODIE-BLACK-HIBISCUS_copy_2.png","video":"","image_width":700,"title":"Tactical Napper","text":"<p>This kit is the perfect companion to a weekend of gaming, action movies, BBQ and a tactical nap on the couch.<\/p>","button_label":"Shop now","link":"shopify:\/\/products\/black-hibiscus-house-hoodie"}},"164674622969cee383-1":{"type":"text_block","settings":{"enable_image":true,"image":"shopify:\/\/shop_images\/HOUSE_HOODIE-TOAST-_copy_2.png","video":"","image_width":700,"title":"Luxe Life","text":"<p>Treat yourself this weekend to a bath, before unwinding in the comfiest PJ's that have ever existed. <\/p>","button_label":"Shop Now","link":"shopify:\/\/products\/cocoa-cerulean-house-hoodie"}}},"block_order":["164674622969cee383-0","164674622969cee383-1"],"settings":{"title":"Select your kit","text_alignment":"center","button_style":"primary","media_shape":"natural","alternate_bg_color":false,"full_width":false,"wave":"none","color_bg":"#ffffff","font_size":18,"font_weight":600}},"16467467392dd497de":{"type":"image-with-text-overlay","settings":{"image":"shopify:\/\/shop_images\/img_33653.jpg","desktop_image_position":"center center","mobile_image_position":"center center","height":"fixed","height_desktop":600,"height_mobile":400,"subheading":"","title":"\"LIKE RUBBING YOUR FACE IN A CLOUD\"","title_size":30,"heading_h1":false,"text":"<p>- Paul H<\/p>","enlarge_text":true,"button_label":"","image_link":"","overlay_position":"position--hcenter position--bottom","full_width":true,"mobile_overlay_under":false,"overlay_style_tint":true}},"16467470813b691d4b":{"type":"press-slider","blocks":{"c28dfd19-bc36-4040-902a-300478fc1ddb":{"type":"select","settings":{"text":"<p>\"These are the softest, stretchiest, comfiest boxer-style shorts you're likely to find anywhere.\"<\/p>","image":"shopify:\/\/shop_images\/wired_x110_c01e2476-cc5b-4d48-9f69-b2a40434542f.png","link":"","collection":""}},"b235a8be-aa43-47a2-9710-4439a3b72e46":{"type":"select","settings":{"text":"<p>“I asked why boxers needed pockets. Then I wore a pair. Boxers need pockets. Buy your Jambys today.”<\/p>","image":"shopify:\/\/shop_images\/Vector.png","link":"","collection":""}},"d99ecee7-94e6-438f-814e-5b6216b29dd3":{"type":"select","settings":{"text":"<p>“Right out of the package, they’re supersoft and somehow feel even better on. Seriously, I could wear them for days.”<\/p>","image":"shopify:\/\/shop_images\/strategist_x110_10a58d34-f403-413e-9e41-826d1ea3d0a4.png","link":"","collection":""}}},"block_order":["c28dfd19-bc36-4040-902a-300478fc1ddb","b235a8be-aa43-47a2-9710-4439a3b72e46","d99ecee7-94e6-438f-814e-5b6216b29dd3"],"settings":{"wave":"top","color_bg":"#fffefc"}},"16467480385bb0d965":{"type":"image-with-text","settings":{"subheading":"we call em'","title":"Jambys","title_size":50,"text":"<p>Really soft house clothes built specifically for the 5 to 9.<\/p>","button_label":"","button_link":"","text_alignment":"center","text_width":40,"button_style":"auto","image":"shopify:\/\/shop_images\/img_34643.jpg","video":"https:\/\/cdn.shopify.com\/s\/files\/1\/0090\/4128\/1109\/files\/An_Introduction_to_Jambys_the_Performance_Inactivewear_Company.mp4?v=1646748316","image_width":100,"image_position":"left","media_size":"cover","color_scheme":"standard","color_bg":"","color_text":"","font_size":18,"font_weight":600,"wave":"none"}},"1646748045c1c7df23":{"type":"gallery","blocks":{"4b4d2a1a-f958-4ee6-8839-97a121b20c01":{"type":"image","settings":{"image":"shopify:\/\/shop_images\/e4d6818bd4497071d6c21242081793e1.jpg","video":"https:\/\/cdn.shopify.com\/s\/files\/1\/0090\/4128\/1109\/files\/f10495addcc432f3f13e17ba0f29d05f.mp4?v=1646749373","desktop_image_position":"center center","mobile_image_position":"center center","enlarge_image":false,"subheading":"","title":"","heading_h1":false,"button_label":"","link":"","text_alignment":"position--hcenter position--vcenter"}},"16467480453b6619bf-1":{"type":"image","settings":{"image":"shopify:\/\/shop_images\/a1e313a490533164ae34fa1856d980cb.jpg","video":"https:\/\/cdn.shopify.com\/s\/files\/1\/0090\/4128\/1109\/files\/4026d583654c636c0e2396c39fdfb715.mp4?v=1646749373","desktop_image_position":"center center","mobile_image_position":"center center","enlarge_image":false,"subheading":"","title":"","heading_h1":false,"button_label":"","link":"","text_alignment":"position--hcenter position--vcenter"}},"16467480453b6619bf-2":{"type":"image","settings":{"image":"shopify:\/\/shop_images\/966d97b6b58767ad9071bd3d20d91c63.jpg","video":"https:\/\/cdn.shopify.com\/s\/files\/1\/0090\/4128\/1109\/files\/bf89326ea9fd6343e05630931249462a.mp4?v=1646749373","desktop_image_position":"center center","mobile_image_position":"center center","enlarge_image":false,"subheading":"","title":"","heading_h1":false,"button_label":"","link":"","text_alignment":"position--hcenter position--vcenter"}}},"block_order":["4b4d2a1a-f958-4ee6-8839-97a121b20c01","16467480453b6619bf-1","16467480453b6619bf-2"],"settings":{"title":"Perfect for","grid":3,"desktop_image_height":400,"mobile_image_height":200,"title_size":44,"enable_margin":true,"full_width":false,"enable_carousel":false,"overlay_style_tint":false,"alternate_bg_color":false}},"164674749909d32968":{"type":"image-with-text","settings":{"subheading":"everyone is asking...","title":"What makes ‘em so comfy?","title_size":36,"text":"<p><strong>Why do all the reviews rave about the fabric? We're glad you almost asked. Jambys are made from a proprietary Modal fabric blend knitted in a sumptuous French Terry. In addition to being silky soft, modal is a natural fiber made from beechwood trees, and it's more sustainable than cotton, too. Nice!<\/strong><\/p>","button_label":"","button_link":"","text_alignment":"center","text_width":55,"button_style":"auto","image":"shopify:\/\/shop_images\/jambys_shorts.png","video":"","image_width":70,"image_position":"right","media_size":"contain","color_scheme":"custom","color_bg":"#91c3c0","color_text":"#fffefc","bg_image":"shopify:\/\/shop_images\/201202_Jambys_Layflats0067mint-navy_1_2000x_cedb6db0-fc98-4cbf-b2ba-7f5cb247cc98.jpg","font_size":18,"font_weight":500,"wave":"none"}},"main":{"type":"main-page","settings":{}}},"order":["16467459361279323f","1646746229141ad47c","16467467392dd497de","16467470813b691d4b","16467480385bb0d965","1646748045c1c7df23","164674749909d32968","main"]}