{"sections":{"main":{"type":"page-bundle-builder","blocks":{"4d694dc3-77b5-4cc5-9c4d-9ca10c712bee":{"type":"bottom-generic","settings":{"col_1":"Size","col_2":"Waist","col_3":"Hips","col_4":"Inseam","col_5":""}},"d16734a2-7fc2-497f-a7bd-eead83778c2b":{"type":"bottom-generic","settings":{"col_1":"XS","col_2":"27”-29”","col_3":"33”-35”","col_4":"4”","col_5":""}},"1425284a-1ada-40e3-a65d-008035a1a3a3":{"type":"bottom-generic","settings":{"col_1":"S","col_2":"29”-31”","col_3":"35”-37”","col_4":"4.5”","col_5":""}},"85a9279a-40f6-4346-bbfe-065d12086330":{"type":"bottom-generic","settings":{"col_1":"M","col_2":"31”-33”","col_3":"37”-39”","col_4":"4.5”","col_5":""}},"a8512606-4e2f-466c-b621-9cab3f7e9d1b":{"type":"bottom-generic","settings":{"col_1":"L","col_2":"33”-36”","col_3":"37”-39”","col_4":"5”","col_5":""}},"ffafaddb-1f91-4368-9391-e88c4f12a6c8":{"type":"bottom-generic","settings":{"col_1":"XL","col_2":"36”-39”","col_3":"42”-45”","col_4":"5”","col_5":""}},"f9da2b2f-49a7-4b09-b32e-661c90729f9c":{"type":"bottom-generic","settings":{"col_1":"XXL","col_2":"39”-42”","col_3":"45”-48”","col_4":"5”","col_5":""}},"6b903112-0abc-4cb2-a75d-5a53503b0f8f":{"type":"bottom-generic","settings":{"col_1":"3XL","col_2":"42”-45”","col_3":"48”-51”","col_4":"5.5\"","col_5":""}}},"block_order":["4d694dc3-77b5-4cc5-9c4d-9ca10c712bee","d16734a2-7fc2-497f-a7bd-eead83778c2b","1425284a-1ada-40e3-a65d-008035a1a3a3","85a9279a-40f6-4346-bbfe-065d12086330","a8512606-4e2f-466c-b621-9cab3f7e9d1b","ffafaddb-1f91-4368-9391-e88c4f12a6c8","f9da2b2f-49a7-4b09-b32e-661c90729f9c","6b903112-0abc-4cb2-a75d-5a53503b0f8f"],"settings":{"guarantee":"Jambys has a 77-day no-question-guarantee on your first product.","discount_value":"Up to<br>25% Off","discount_label":"Your Pack","start_image":"shopify:\/\/shop_images\/start-hero_9f7ffa98-110a-4099-a59d-e8e1e7955f2f.jpg","start_bg_color":"#7983e2","start_title":"Build Your Bundle","start_text":"<br><br>Build your Jambys gift pack in 3, 5, or 7 pairs and <strong>save up to 25%<\/strong>.","pack_size_1":"3","show_must_popular":false,"pack_old_price_1":"105","pack_new_price_1":"90","pack_individual_price_1":"30","start_txt_desktop_1":"Build Your Bundle","start_txt_mobile_1":"Start Building","pack_size_2":"5","show_must_popular_2":false,"pack_individual_price_2":"28","pack_old_price_2":"175","pack_new_price_2":"140","start_txt_desktop_2":"Build Your Bundle","start_txt_mobile_2":"Start Building","pack_size_3":"7","show_must_popular_3":false,"pack_individual_price_3":"26","pack_old_price_3":"245","pack_new_price_3":"184","start_txt_desktop_3":"Build Your Bundle","start_txt_mobile_3":"Start Building","product":"gray-black","collection":"jambys","mobile_sticky_add":true,"top_text":"Boxers with pockets. Sounds so crazy. Feels so good.","top_text_long":"Jambys are cozy and breathable like boxers, but designed to be worn on their own and around other people. They're unisex, stretchy, and softer than anything you've ever worn — guaranteed. (Seriously.)","review_title":"Great Choices!<br>Let’s review your bundle.","review_subtitle":"If you changed your mind, you can easily replace an item by clicking “reselect” button below.","size_bottom_desktop":"<p>If you're in doubt between sizes, size down for a feel closer to boxers, and size up for a feel closer to shorts. Don't worry: we make exchanges super easy.<\/p>","size_bottom_mobile":"<p>Still not sure or gifting? Just <a href=\"mailto:hello@jambys.com\">email us<\/a> some more info or <a href=\"instagram.com\/Jambys\" target=\"_blank\" title=\"Jambys Instagram\">DM us an Instagram screenshot<\/a>. Whatever works. We don't rest until you have the perfect Jambys.<\/p>"}}},"order":["main"]}