{"sections":{"main":{"type":"page-outfit-builder","blocks":{"66f68a0a-d185-47e6-bc96-5ef786d027a2":{"type":"tops-generic","settings":{"col_1":"Size","col_2":"Chest","col_3":"","col_4":"","col_5":""}},"b5e6100a-d608-42ce-bd93-cc94d30eb6df":{"type":"tops-generic","settings":{"col_1":"XS","col_2":"32”-34”","col_3":"","col_4":"","col_5":""}},"5120af66-0102-459f-9916-2e17c2a89093":{"type":"tops-generic","settings":{"col_1":"S","col_2":"35”-37”","col_3":"","col_4":"","col_5":""}},"064d0b4c-8b6b-4798-b55a-9c72dcfdf7bd":{"type":"tops-generic","settings":{"col_1":"M","col_2":"38”-40”","col_3":"","col_4":"","col_5":""}},"3e057bb1-3096-4e27-956d-1e71ba3baf9f":{"type":"tops-generic","settings":{"col_1":"L","col_2":"41”-43”","col_3":"","col_4":"","col_5":""}},"a3003e61-7d4c-4167-9e1b-caf0fcca89be":{"type":"tops-generic","settings":{"col_1":"XL","col_2":"44”-46”","col_3":"","col_4":"","col_5":""}},"e8494f66-de62-4744-b235-c06152e1834f":{"type":"tops-generic","settings":{"col_1":"XXL","col_2":"47”-49”","col_3":"","col_4":"","col_5":""}},"3519a4b4-b366-425f-a2dc-4d4c3800fcf0":{"type":"bottom-generic","settings":{"col_1":"Size","col_2":"Waist","col_3":"Hips","col_4":"Inseam","col_5":""}},"f998baae-d2f0-4922-a3ed-de556240a136":{"type":"bottom-generic","settings":{"col_1":"XS","col_2":"27”-29”","col_3":"33”-35”","col_4":"4”","col_5":""}},"76473c16-9cd4-455a-ba0c-67caea65e4fd":{"type":"bottom-generic","settings":{"col_1":"S","col_2":"29”-31”","col_3":"35”-37”","col_4":"4.5”","col_5":""}},"a5b71eae-b23d-4a77-a0fe-c892a6e5d485":{"type":"bottom-generic","settings":{"col_1":"M","col_2":"31”-33”","col_3":"37”-39”","col_4":"4.5”","col_5":""}},"12eb9120-4eca-421f-b02e-5ee42b762be6":{"type":"bottom-generic","settings":{"col_1":"L","col_2":"33”-36”","col_3":"37”-39”","col_4":"5”","col_5":""}},"819fb28d-2f04-47e3-a54d-5de36bf74b64":{"type":"bottom-generic","settings":{"col_1":"XL","col_2":"36”-39”","col_3":"42”-45”","col_4":"5”","col_5":""}},"5867ea73-1b3e-4485-8934-7c9138cff1e2":{"type":"bottom-generic","settings":{"col_1":"XXL","col_2":"39”-42”","col_3":"45”-48”","col_4":"5”","col_5":""}},"7bd318e9-0028-49de-b718-019b2c837c64":{"type":"bottom-generic","settings":{"col_1":"3XL","col_2":"42”-45”","col_3":"48”-51”","col_4":"5.5\"","col_5":""}}},"block_order":["66f68a0a-d185-47e6-bc96-5ef786d027a2","b5e6100a-d608-42ce-bd93-cc94d30eb6df","5120af66-0102-459f-9916-2e17c2a89093","064d0b4c-8b6b-4798-b55a-9c72dcfdf7bd","3e057bb1-3096-4e27-956d-1e71ba3baf9f","a3003e61-7d4c-4167-9e1b-caf0fcca89be","e8494f66-de62-4744-b235-c06152e1834f","3519a4b4-b366-425f-a2dc-4d4c3800fcf0","f998baae-d2f0-4922-a3ed-de556240a136","76473c16-9cd4-455a-ba0c-67caea65e4fd","a5b71eae-b23d-4a77-a0fe-c892a6e5d485","12eb9120-4eca-421f-b02e-5ee42b762be6","819fb28d-2f04-47e3-a54d-5de36bf74b64","5867ea73-1b3e-4485-8934-7c9138cff1e2","7bd318e9-0028-49de-b718-019b2c837c64"],"settings":{"guarantee":"Jambys has a 77-day no-question-guarantee on your first product.","discount_value":"22% OFF","discount_amount":"22","discount_label":"YOUR OUTFIT","start_image":"shopify:\/\/shop_images\/outfit-start.jpg","start_bg_color":"#7b85e3","start_image_mob":"shopify:\/\/shop_images\/mobile-start.jpg","start_title":"Build Your Outfit","start_text":"","start_text_mob":"<p>Build your Jambys outfit and get <strong>22% off<\/strong>. Discount auto-applied & cannot be combined with other offers.<\/p>","carousel_height":80,"carousel_height_desktop":700,"collection_top_short":"jamtees","collection_top_long":"house-hoodies","product_top_short":"black-black-jamtee","product_top_long":"gray-black-house-hoodie","top_text":"<p>The JamTee feels like nothing we've ever worn before. Crafted from the French Terry MicroModal, the JamTee feels super soft on the hand, but is still breathable, plush, and stretchy.  <a href=\"https:\/\/www.jambys.com\/products\/black-black-jamtee\"> Learn More<\/a><\/p>","top_text_long":"<p>The House Hoodie is stretchy, really soft, and lightweight. It's perfect for slightly cooler indoor temps, and breathable enough to wear for 93 hours in a row. (At hour 94, your body begins to fuse with the hoodie.) We know it sounds crazy, but just try wearing it shirtless at least once. Or don't. We're not your dad, and we never will be. <a href=\"https:\/\/www.jambys.com\/products\/black-black-house-hoodie\">Learn More<\/a><\/p>","product_bottom_short":"gray-black","product_bottom_long":"gray-black-long-jambys","collection_bottom_short":"jambys","collection_bottom_long":"long-jambys","bottom_text":"<p>Boxers with pockets. Sounds so crazy. Feels so good. Jambys are cozy and breathable like boxers, but designed to be worn on their own and around other people. They're unisex, stretchy, and softer than anything you've ever worn — guaranteed. (Seriously.) <a href=\"https:\/\/www.jambys.com\/products\/gray-lavender\">Learn More<\/a><\/p>","bottom_text_long":"<p>Sweatpants? There's no sweating here. Joggers? Jog in them and we'll sue. These are Long Jambys. Long Jambys are made out of the same super-soft Jambys material, creating a lightweight and breathable pant that's perfect for wearing inside during cooler weather. You can wear them with or without underwear. You could even wear them with Jambys underneath, you crazy son of a gun. <a href=\"https:\/\/www.jambys.com\/products\/black-black-long-jambys\">Learn More<\/a><\/p>","review_image":"shopify:\/\/shop_images\/outfit-review.jpg","review_image_mob":"shopify:\/\/shop_images\/mobile-review.jpg","review_title":"Great Choices! Let’s review that outfit.","review_subtitle":"If you’ve changed your mind, you can reselect your top or bottom by clicking “reselect” button below.","review_title_mob":"Review Your Outfit","size_top_desktop":"<p>Fit is standard. Size up if you want a bigger, looser fit. If you’re in doubt, we always suggest sizing up, but with the way the material stretches, there’s plenty of forgiveness.<\/p>","size_top_mobile":"<p>Still not sure or gifting? Just <a href=\"mailto:hello@jambys.com\">email us<\/a> some more info or <a href=\"instagram.com\/Jambys\" target=\"_blank\" title=\"Jambys Instagram\">DM us an Instagram screenshot<\/a>. Whatever works. We don't rest until you have the perfect Jambys.<\/p>","size_bottom_desktop":"<p>If you're in doubt between sizes, size down for a feel closer to boxers, and size up for a feel closer to shorts. Don't worry: we make exchanges super easy.<\/p>","size_bottom_mobile":"<p>Still not sure or gifting? Just <a href=\"mailto:hello@jambys.com\">email us<\/a> some more info or <a href=\"instagram.com\/Jambys\" target=\"_blank\" title=\"Jambys Instagram\">DM us an Instagram screenshot<\/a>. Whatever works. We don't rest until you have the perfect Jambys.<\/p>"}}},"order":["main"]}