{"current":{"footer_background":"#f3f4f9","favicon":"shopify:\/\/shop_images\/Asset_3.png","utm_1":"","message_1":"","utm_2":"","message_2":"","utm_3":"","message_3":"","utm_4":"","message_4":"","col_text":"#36409a","col_headings":"#36409a","col_links":"#36409a","col_page_bg":"#f3f4f9","col_stars":"#36409a","col_head_links":"#36409a","col_head_links_alt":"#36409a","col_head_nav_bg":"#fffefc","col_head_links_active":"#36409a","col_head_featured":"#ffe660","col_head_announcement_bar_bg":"#36409a","col_head_announcement_text":"#ffffff","col_btn":"#ffffff","col_btn_bg":"#36409a","col_btn_secondary":"#fffefc","col_btn_bg_secondary":"#36409a","coll_col_sale_text":"#F1EAE4","coll_col_sale":"#A94547","coll_col_preorder":"#36409a","coll_col_sold_text":"#36409a","coll_col_sold":"#ecebff","coll_col_new_text":"#36409a","coll_col_background":"#fafafa","image_overlay_text":"#ffffff","image_overlay_bg":"#423f3f","image_overlay_opacity":13,"alt_bg_col":"#fffefc","alt_bg_text_col":"#36409a","popup_text":"#36409a","footer_text":"#36409A","prod_thumb_shape":"square","quickbuy_enabled":true,"prod_show_videos":false,"prod_hover":"all_images","show_product_block_reviews":false,"reviews_badge_link_text":"See all 8,000+ reviews","reviews_badge_site_average":100,"show_sale_label":true,"show_preorder_label":false,"show_sold_out_label":true,"show_new_label":false,"prod_new_method":"tag","prod_new_limit_int":53,"prod_label_layout":"marquee_on_hover","swatch_enabled":true,"swatch_method":"image","swatch_use_prod_images":true,"swatch_prod_images_shape":"circle","swatch_prod_images_alignment":"center","collection_thumb_shape":"natural","collection_image_position":"center center","collection_hover_effect":"info","collection_show_product_count":false,"type_base_font":"sans-serif","type_heading_font":"serif","type_nav_font":"sans-serif","type_logo_font":"serif","font_size_base_int":16,"font_size_nav_int":30,"font_size_nav_sub_int":17,"buttons_style":"normal","buttons_shape":"rounded","typekit_embed_file":"https:\/\/use.typekit.net\/hxg4nit.css","custom_base_font_name":"sofia-pro","custom_heading_font_name":"kansasnew","custom_base_font_woff2":"https:\/\/use.typekit.net\/af\/5855b2\/00000000000000003b9b1a98\/27\/l?primer=7cdcb44be4a7db8877ffa5c0007b8dd865b3bbc383831fe2ea177f62257a9191&fvd=n4&v=3","custom_base_font_woff":"https:\/\/use.typekit.net\/af\/5855b2\/00000000000000003b9b1a98\/27\/d?primer=7cdcb44be4a7db8877ffa5c0007b8dd865b3bbc383831fe2ea177f62257a9191&fvd=n4&v=3","custom_base_font_open":"https:\/\/use.typekit.net\/af\/5855b2\/00000000000000003b9b1a98\/27\/a?primer=7cdcb44be4a7db8877ffa5c0007b8dd865b3bbc383831fe2ea177f62257a9191&fvd=n4&v=3","custom_base_font_bold_woff2":"https:\/\/use.typekit.net\/af\/7158ff\/00000000000000003b9b1a9c\/27\/l?primer=7cdcb44be4a7db8877ffa5c0007b8dd865b3bbc383831fe2ea177f62257a9191&fvd=n6&v=3","custom_base_font_bold_woff":"https:\/\/use.typekit.net\/af\/7158ff\/00000000000000003b9b1a9c\/27\/d?primer=7cdcb44be4a7db8877ffa5c0007b8dd865b3bbc383831fe2ea177f62257a9191&fvd=n6&v=3","custom_base_font_bold_open":"https:\/\/use.typekit.net\/af\/7158ff\/00000000000000003b9b1a9c\/27\/a?primer=7cdcb44be4a7db8877ffa5c0007b8dd865b3bbc383831fe2ea177f62257a9191&fvd=n6&v=3","custom_heading_font_woff2":"","custom_heading_font_woff":"","custom_heading_font_open":"","social_instagram_url":"https:\/\/www.instagram.com\/jambys\/","search_type":"product","blog_show_author":true,"blog_show_date":true,"blog_excerpt":"none","animation_enabled_desktop":false,"animation_enabled_mobile":false,"animation_parallax_prod_image":true,"animation_loading":false,"animation_loading_image":"shopify:\/\/shop_images\/wordmark_f2106c6b-e52d-48ea-a2ce-f62a7b74cc0b.png","animation_loading_message":"Performance Inactivewear","shopify_apps_blocklist":"app.backinstock.org,tatari-shopify,yotpo,ultimatesizechart.com,productreviews.shopifycdn.com,jsstore","checkout_logo_image":"shopify:\/\/shop_images\/wordmark_500x_a97ddd12-6e48-4033-b8fc-54d46e30f02c.png","checkout_logo_position":"center","checkout_logo_size":"small","checkout_body_background_image":"","checkout_body_background_color":"#fff","checkout_input_background_color_mode":"white","checkout_sidebar_background_image":"","checkout_sidebar_background_color":"#f3f4f9","checkout_heading_font":"-apple-system, BlinkMacSystemFont, 'Segoe UI', Roboto, Helvetica, Arial, sans-serif, 'Apple Color Emoji', 'Segoe UI Emoji', 'Segoe UI Symbol'","checkout_body_font":"-apple-system, BlinkMacSystemFont, 'Segoe UI', Roboto, Helvetica, Arial, sans-serif, 'Apple Color Emoji', 'Segoe UI Emoji', 'Segoe UI Symbol'","checkout_accent_color":"#36409a","checkout_button_color":"#36409a","checkout_error_color":"#e32c2b","custom_base_font_url":"https:\/\/use.typekit.net\/af\/5855b2\/00000000000000003b9b1a98\/27\/l?primer=7cdcb44be4a7db8877ffa5c0007b8dd865b3bbc383831fe2ea177f62257a9191&fvd=n4&v=3) format(\"woff2\"), url(https:\/\/use.typekit.net\/af\/5855b2\/00000000000000003b9b1a98\/27\/d?primer=7cdcb44be4a7db8877ffa5c0007b8dd865b3bbc383831fe2ea177f62257a9191&fvd=n4&v=3) format(\"woff\"), url(https:\/\/use.typekit.net\/af\/5855b2\/00000000000000003b9b1a98\/27\/a?primer=7cdcb44be4a7db8877ffa5c0007b8dd865b3bbc383831fe2ea177f62257a9191&fvd=n4&v=3","prod_hover_effect":"image","enable_reviews":true,"show_product_reviews":false,"buttons_shadow":false,"col_mod_bg":"#e3a7a6","use_mod_bg_op":false,"col_content_bg":"#ffffff","use_content_bg_trans":false,"col_nav_prim":"#ffffff","col_nav_sec":"#ffffff","col_select_bg":"#ffffff","col_select_txt":"#000000","prod_label_col":"#ecb1b0","bg_image_method":"fill","swatch_images":true,"sections":{"header":{"type":"header","blocks":{"announcement_MrxqYX":{"type":"announcement","settings":{"show_carousel_announcement":true,"carousel_announcement_home_only":true,"desktop_announcement_text_1":"<p><strong>Get Free Shipping on Orders $85+<\/strong><\/p>","desktop_announcement_text_2":"<p><strong>As Seen In: GQ, NYT, WSJ<\/strong><\/p>","desktop_announcement_text_3":"<p><strong>Free Shipping $85+<\/strong><\/p>","desktop_announcement_text_size":14,"mobile_announcement_text_1":"<p><strong>Get Free Shipping on Orders $85+<\/strong><\/p>","mobile_announcement_text_2":"<p><strong>As Seen In: GQ, NYT, WSJ<\/strong><\/p>","mobile_announcement_text_3":"<p><strong>10,000+ 5-Star Reviews<\/strong><\/p>","mobile_announcement_text_size":13,"carousel_announcement_color":"#36409a","carousel_arrows_color":"#686767","font_announcement_color":"#fafafa","carousel_auto_play":false,"time_between_announcement":5}},"2c620115-f1c4-49b5-9bdb-eaf0c44c13d0":{"type":"link","settings":{"new_menu_title":"Bestsellers","new_menu_link":"shopify:\/\/collections\/best-sellers","category_link_list":"best-sellers","enable_featured":false,"product_1":"gray-lavender","product_2":"charcoal-chilluxe-jogger"}},"9be0436c-4a17-457c-9de4-bc83b3f391df":{"type":"link","settings":{"new_menu_title":"Bottoms","new_menu_link":"https:\/\/www.jambys.com\/collections\/bottoms","category_link_list":"bottoms","enable_featured":false,"product_1":"black-black","product_2":"gray-black-long-jambys"}},"3fd17c7a-9861-428e-8fae-40945bdbd078":{"type":"link","settings":{"new_menu_title":"Tops","new_menu_link":"https:\/\/www.jambys.com\/collections\/tops","category_link_list":"tops","enable_featured":true,"product_1":"black-chilluxe-hoodie","product_2":"navy-mint-house-hoodie"}},"71491a49-cb2d-408e-8168-41effd0e1974":{"type":"link","settings":{"new_menu_title":"Collections","new_menu_link":"","category_link_list":"collections","enable_featured":false,"product_1":"","product_2":""}},"baa2b137-e3d5-49cc-a885-941f9c75e81b":{"type":"categories","settings":{"url_custom":"fabrics","first_category_title":"Fabrics","first_category_url":"","category_image_1":"shopify:\/\/shop_images\/Terry_Both_SidesTIFFS.jpg","category_link_1":"shopify:\/\/collections\/signature-french-terry","category_title_1":"Signature French Terry","category_description_1":"The fabric that made us famous. Made from breathable, sustainable modal fibers.","category_image_2":"shopify:\/\/shop_images\/fabric2.jpg","category_link_2":"shopify:\/\/collections\/soffle-waffle","category_title_2":"Soffle Waffle","category_description_2":"Soft + Waffle = Soffle. Luxurious textured comfort.","category_image_3":"shopify:\/\/shop_images\/Chilluxe_Interior_6TIFFS.jpg","category_title_3":"Chilluxe Heavyweight Fleece","category_description_3":"Structured and flattering on the outside, magically fleecy on the inside.","category_link_3":"shopify:\/\/collections\/chilluxe","category_image_4":"shopify:\/\/shop_images\/fabric4.webp","category_title_4":"SoftStretch Mesh","category_description_4":"The mesh that doesn't feel like a mesh.","category_link_4":"shopify:\/\/products\/black-softstretch-basketball-shorts","category_image_5":"shopify:\/\/shop_images\/fabric5.webp","category_title_5":"Floof Fleece","category_description_5":"The fuzziest, fluffiest fabric in the land","category_link_5":"shopify:\/\/collections\/floof-fleece","category_title_6":"","category_description_6":"","category_link_6":"","enable_featured_custom":false,"product_1_custom":"5to9-house-hoodie","product_2_custom":"black-cozy-cloak"}},"b5aaa05c-44b2-466d-ae68-2f578d8ddc55":{"type":"link","disabled":true,"settings":{"new_menu_title":"New Arrivals","new_menu_link":"shopify:\/\/collections\/new-arrivals","category_link_list":"new-arrivals","enable_featured":false,"product_1":"","product_2":""}},"936c620d-1254-4378-b0e2-78b176a83ed0":{"type":"best-seller","settings":{"slide_url":"shopify:\/\/collections\/jambys","image":"shopify:\/\/shop_images\/jambys-black-front_e2b5428c-1466-4932-a8f5-3ecfb1ca38a4.jpg","best-seller-title":"Jambys","best-seller__description":"Boxers with pockets made from the fabric that made us famous."}},"d6a12182-8f32-4005-b4aa-ed3ef0f7e169":{"type":"best-seller","settings":{"slide_url":"shopify:\/\/collections\/chilluxe","image":"shopify:\/\/shop_images\/jambys-lavender-mint-flatlay-front_11_1.png","best-seller-title":"Chilluxe Fleece","best-seller__description":"Our heavier, cozier, outside-ier fleece."}},"f7bbfbf5-8317-4d27-8b5e-262ef641b58b":{"type":"best-seller","settings":{"slide_url":"shopify:\/\/collections\/pajambys","image":"shopify:\/\/shop_images\/jambys-navy-flatlay-front_11_1.png","best-seller-title":"Pajambys","best-seller__description":"Hot Sleepers Love This One Trick"}},"0aa79c25-35ec-4991-b69a-0f24b52a69cc":{"type":"best-seller","settings":{"slide_url":"shopify:\/\/collections\/house-hoodies","image":"shopify:\/\/shop_images\/househoodie_1.png","best-seller-title":"House Hoodie","best-seller__description":"The unbelievable breathable lightweight hoodie"}},"cf1f24e1-5fed-464d-82c9-797a63df8ab7":{"type":"best-seller","settings":{"slide_url":"shopify:\/\/collections","image":"shopify:\/\/shop_images\/long-jambys-gray-lavender-ecom_11_1.png","best-seller-title":"The Core Collection","best-seller__description":"Made from our original Jambys modal french terry"}},"0dbf18d1-8da5-4515-a147-d3af0a4b2b5a":{"type":"best-seller","settings":{"slide_url":"shopify:\/\/collections\/long-jambys","image":"shopify:\/\/shop_images\/jambys-navy-mint-flatlay-front_11_1.png","best-seller-title":"Long Jambys","best-seller__description":"No-Sweat Sweatpants built for the 5 to 9"}},"582b87f8-21db-41a4-a92b-49af4f00079f":{"type":"best-seller","settings":{"slide_url":"shopify:\/\/collections\/basketball-shorts","image":"shopify:\/\/shop_images\/jambys-gray-lavender-flatlay-front_11_1.png","best-seller-title":"Basketball Shorts","best-seller__description":"The shorts made for *watching* basketball"}},"collection_images_VAtFHJ":{"type":"collection-images","settings":{"top_title":"SHOP ALL","top_link":"https:\/\/www.jambys.com\/collections\/all-products","collection_links":"new-menu-redesign","item_link_1":"shopify:\/\/products\/black-black","item_image_1":"shopify:\/\/shop_images\/boxers_with_pockets_close_up.jpg","title_description1":"Boxers with Pockets","item_description_1":"The hybrid boxer\/short that made us famous","title_link_1":"SHOP NOW","item_link_2":"shopify:\/\/collections\/bestselling-housefits","item_image_2":"shopify:\/\/shop_images\/housefits-couple_c26d66a3-d46d-4e86-970a-f6d10cf70186.jpg","title_description2":"Shop by Housefit","item_description_2":"All our products, color-coordinated for easy matching.","title_link_2":"SHOP NOW"}},"items_images_BJGz8f":{"type":"items-images","disabled":true,"settings":{"top_title":"COLLECTIONS","top_link":"shopify:\/\/collections","item_link_1":"shopify:\/\/collections\/best-gifts","item_text_link_1":"Best Gifts","item_image_1":"shopify:\/\/shop_images\/couple-black-chilluxe-jamtee.jpg","item_description_1":"Unisex best-sellers that never miss","title_link_1":"SHOP NOW","item_link_2":"shopify:\/\/collections\/new-arrivals","item_text_link_2":"New Arrivals","item_image_2":"shopify:\/\/shop_images\/couple-house-hoodies-lifestyle.jpg","item_description_2":"New products and new colorways","title_link_2":"SHOP NOW","item_link_3":"shopify:\/\/collections\/back-in-stock","item_text_link_3":"Limited Stock","item_image_3":"shopify:\/\/shop_images\/jumping_lavender_jambys.jpg","item_description_3":"Going fast.","title_link_3":"SHOP NOW","item_link_4":"shopify:\/\/collections\/sleepwear","item_text_link_4":"Sleepwear","item_image_4":"shopify:\/\/shop_images\/robes-sleepwear.jpg","item_description_4":"The low-down on laying down","title_link_4":"SHOP NOW","item_link_5":"https:\/\/jambys.com\/collections\/sale","item_text_link_5":"Sale","item_image_5":"shopify:\/\/shop_images\/tope-househoodie-solo.jpg","item_description_5":"Save big on these limited-time deals.","title_link_5":"SHOP NOW","item_link_6":"","item_text_link_6":"","item_description_6":"","title_link_6":""}},"fabrics_new_kAgkdE":{"type":"fabrics-new","disabled":true,"settings":{"top_title":"FABRICS","top_link":"shopify:\/\/collections\/all-products-2","item_title_1":"Signature French Terry","item_link_1":"shopify:\/\/collections\/signature-french-terry","item_image_1":"shopify:\/\/shop_images\/Frame_1073712637.png","item_description_1":"The fabric that made us famous. Made from breathable, sustainable modal fibers.","item_title_2":"SoftStretch Mesh","item_link_2":"shopify:\/\/products\/black-softstretch-basketball-shorts","item_image_2":"shopify:\/\/shop_images\/Frame_1073712637_1.png","item_description_2":"The mesh that doesn't feel like a mesh.","item_title_3":"Soffle Waffle","item_link_3":"shopify:\/\/collections\/soffle-waffle","item_image_3":"shopify:\/\/shop_images\/Frame_1073712637_2.png","item_description_3":"Soft + Waffle = Soffle.\nLuxurious textured comfort.","item_title_4":"Floof","item_link_4":"shopify:\/\/collections\/floof-fleece","item_image_4":"shopify:\/\/shop_images\/Frame_1073712637_3.png","item_description_4":"The fuzziest, fluffiest fabric in the land.","item_title_5":"Chilluxe Heavyweight Fleece","item_link_5":"shopify:\/\/collections\/chilluxe","item_image_5":"shopify:\/\/shop_images\/Frame_1073712637_4.png","item_description_5":"Structured and flattering on the outside, magically fleecy on the inside.","item_title_6":"","item_link_6":"","item_description_6":""}},"collection_images_j7rqPb":{"type":"collection-images","disabled":true,"settings":{"top_title":"SALE","top_link":"https:\/\/www.jambys.com\/collections\/sale","collection_links":"","item_link_1":"","title_description1":"","item_description_1":"","title_link_1":"","item_link_2":"","title_description2":"","item_description_2":"","title_link_2":""}},"link_bzm9WD":{"type":"link","settings":{"new_menu_title":"Shop All","new_menu_link":"https:\/\/www.jambys.com\/collections\/all-products","category_link_list":"","enable_featured":false,"product_1":"","product_2":""}}},"block_order":["announcement_MrxqYX","2c620115-f1c4-49b5-9bdb-eaf0c44c13d0","9be0436c-4a17-457c-9de4-bc83b3f391df","3fd17c7a-9861-428e-8fae-40945bdbd078","71491a49-cb2d-408e-8168-41effd0e1974","baa2b137-e3d5-49cc-a885-941f9c75e81b","b5aaa05c-44b2-466d-ae68-2f578d8ddc55","936c620d-1254-4378-b0e2-78b176a83ed0","d6a12182-8f32-4005-b4aa-ed3ef0f7e169","f7bbfbf5-8317-4d27-8b5e-262ef641b58b","0aa79c25-35ec-4991-b69a-0f24b52a69cc","cf1f24e1-5fed-464d-82c9-797a63df8ab7","0dbf18d1-8da5-4515-a147-d3af0a4b2b5a","582b87f8-21db-41a4-a92b-49af4f00079f","collection_images_VAtFHJ","items_images_BJGz8f","fabrics_new_kAgkdE","collection_images_j7rqPb","link_bzm9WD"],"settings":{"custom_header_color":"#fafafa","menu_linklist":"header-menu-1","menu_secondary_linklist":"mobile-menu-second-column-reverse-order","nav_featured_link":"","desktop_navigation":"inline","nav_opacity":"transparent","nav_positioning":"sticky","button_click":"SHOP ALL","button_click_text":"","button_click_url":"shopify:\/\/collections\/bestsellers-2","button_click_color":"#fffefc","button_click_bg":"#36409a","sub_nav_1_text":"Womens Favorites","sub_nav_1_subtext":"","sub_nav_1_url":"shopify:\/\/collections\/womens-old-185d87","sub_nav_1_color":"rgba(0,0,0,0)","sub_nav_1_bg":"rgba(0,0,0,0)","sub_nav_2_text":"Mens Favorites","sub_nav_2_subtext":"","sub_nav_2_url":"shopify:\/\/collections\/mens","sub_nav_2_color":"","sub_nav_2_bg":"","sub_nav_3_text":"","sub_nav_3_subtext":"","sub_nav_3_url":"","sub_nav_3_color":"","sub_nav_3_bg":"","sub_nav_4_text":"","sub_nav_4_subtext":"","sub_nav_4_url":"","sub_nav_4_color":"","sub_nav_4_bg":"","sub_nav_quote":"\"Buy your Jambys today.\"","sub_tagline":"shopify:\/\/shop_images\/Vector.png","logo":"shopify:\/\/shop_images\/wordmark_500x_a97ddd12-6e48-4033-b8fc-54d46e30f02c.png","alt_logo":"shopify:\/\/shop_images\/wordmark_500x_a97ddd12-6e48-4033-b8fc-54d46e30f02c.png","desktop_logo_width":145,"mobile_logo_width":125,"use_alt_logo_when_active":true,"logo_h1":true,"show_promo_bar":true,"font_color_intelligems":"#36409a","font_color_bottom_intelligems":"#36409a","show_announcement":false,"announcement_home_only":false,"announcement_text":"","announcement_text_size":16,"announcement_text_mobile":"","announcement_text_size_mobile":12,"announcement_link":"https:\/\/www.jambys.com\/discount\/HOLIDAYSAVINGS","nav_cart_icon":"basket1","show_locale_selector":false,"show_currency_selector":false}},"popup":{"type":"popup","settings":{"mode":"disabled","popup_delay_seconds":5,"popup_dismiss_for_days":2,"position":"bottom-right","title":"Sign up and save","text":"<p>Entice customers to sign up for your mailing list with discounts or exclusive offers.<\/p>","show_newsletter":true,"show_social_icons":true}},"footer":{"type":"footer","blocks":{"1601536182566":{"type":"newsletter","settings":{"title":"","text":"<p><\/p>","show_social_icons_newsletter":true}},"1601536198541":{"type":"menu","settings":{"title":"","menu":"footer-column-1"}},"1601536195594":{"type":"menu","settings":{"title":"","menu":"footer-column-2"}}},"block_order":["1601536182566","1601536198541","1601536195594"],"settings":{"lower_menu":"footer","show_payment_icons":false,"show_locale_selector":false,"show_currency_selector":false,"wave":"none","color_bg":"#22356a"}},"cart-drawer":{"type":"cart-drawer","settings":{"empty_cart_title":"Your cart is empty.","empty_cart_text":"<p>Let's get you setup with some performance inactivewear<\/p>","card_1_img":"shopify:\/\/shop_images\/air-jamtee-illustration.png","card_1_title":"Shop Tops","card_1_link":"shopify:\/\/collections\/tops","card_2_img":"shopify:\/\/shop_images\/air-short-short-illustration.png","card_2_title":"Shop Bottoms","card_2_link":"shopify:\/\/collections\/bottoms","button_1_text":"Best Sellers","button_1_subtext":"","button_1_url":"shopify:\/\/collections\/best-sellers","button_1_color":"#36409a","button_1_bg":"#ffe660","button_2_text":"Shop All Jambys","button_2_subtext":"","button_2_url":"shopify:\/\/collections\/bestsellers-2","button_2_color":"#ffffff","button_2_bg":"#36409a","show_free_shipping_cta":true,"free_shipping_threshold":79,"free_shipping_upsell_text":"<p>Get free shipping with orders $79<\/p>","free_shipping_success_text":"<p>This Order Ships Free!<\/p>"}},"color-swatches":{"type":"color-swatches","blocks":{"a67252ea-3a49-4fc2-9f4c-a13aff1f83e2":{"type":"swatch","settings":{"title":"Black","category":"Classics","primary_color_code":"#1d1d1b","secondary_color_code":""}},"8740f930-64f6-4186-84a6-eb9ca3022b6d":{"type":"swatch","settings":{"title":"Navy","category":"Classics","primary_color_code":"#232b3f","secondary_color_code":""}},"60661964-536b-4099-befc-40f7e65c04fe":{"type":"swatch","settings":{"title":"Gray \/ Black","category":"Classics","primary_color_code":"#424144","secondary_color_code":"#1d1d1b"}},"07deec16-0ec5-4800-9d68-15b44d3a3de1":{"type":"swatch","settings":{"title":"Navy \/ Mint","category":"Classics","primary_color_code":"#232b3f","secondary_color_code":"#bde1e5"}},"1f0879de-32f7-4023-a31c-02525f5de7c5":{"type":"swatch","settings":{"title":"Gray \/ Lavender","category":"Classics","primary_color_code":"#424144","secondary_color_code":"#beb2d8"}},"c0aebf34-26ff-4d16-b781-5c9b4623bdf8":{"type":"swatch","settings":{"title":"Hunter Green","category":"Classics","primary_color_code":"#1f513b","secondary_color_code":""}},"2e4bf140-12a3-444e-bf9f-12d477f7935e":{"type":"swatch","settings":{"title":"Glacier","category":"","primary_color_code":"#7daddb","secondary_color_code":""}},"swatch_RDVAEH":{"type":"swatch","settings":{"title":"Flamingo","category":"Classics","primary_color_code":"#f5b0bd","secondary_color_code":""}},"77be22ed-6537-4c84-abc5-64eed69c158c":{"type":"swatch","settings":{"title":"Lavender \/ Mint","category":"Classics","primary_color_code":"#beb2d8","secondary_color_code":"#bde1e5"}},"swatch_gpr9Gd":{"type":"swatch","settings":{"title":"Flamingo\/Lavender Gradient","category":"","primary_color_code":"","secondary_color_code":"","primary_image":"shopify:\/\/shop_images\/flamingolavender-gradient.jpg"}},"92937706-d79d-414b-9cec-3913f941aaf3":{"type":"swatch","settings":{"title":"Flamingo\/Taffy","category":"Limited","primary_color_code":"#f5b0bd","secondary_color_code":"#f0c9e1"}},"b2388f3c-3fcb-4366-a2a1-48d2f3b03894":{"type":"swatch","settings":{"title":"Cabernet\/Black","category":"Limited","primary_color_code":"#6a272a","secondary_color_code":"#1d1d1b"}},"ea35f12e-9ff5-425e-a82b-6aa6781af405":{"type":"swatch","settings":{"title":"Neon Blur","category":"","primary_color_code":"","secondary_color_code":"","primary_image":"shopify:\/\/shop_images\/neonblur_f2bb9205-0b37-4f49-8818-6401cd937397.jpg"}},"dad82752-a269-4667-8fd2-4b89cfe50388":{"type":"swatch","settings":{"title":"Botanical Blue","category":"","primary_color_code":"","secondary_color_code":"","primary_image":"shopify:\/\/shop_images\/botanicalblue.jpg"}},"195e68de-1001-46cf-9049-24a8656ade61":{"type":"swatch","settings":{"title":"Sunrise Blur","category":"","primary_color_code":"","secondary_color_code":"","primary_image":"shopify:\/\/shop_images\/sunriseblur.jpg"}},"f565d3e1-af52-47bb-941e-6ece29f0f097":{"type":"swatch","settings":{"title":"Paint Swatch","category":"","primary_color_code":"","secondary_color_code":"","primary_image":"shopify:\/\/shop_images\/paintswatch.jpg"}},"3399da28-6148-4d73-a774-ac20354b3e8a":{"type":"swatch","settings":{"title":"Nouveau","category":"Prints","primary_color_code":"","secondary_color_code":"","primary_image":"shopify:\/\/shop_images\/nouveau.jpg"}},"3d06e920-6919-457b-b60b-54a04b803cac":{"type":"swatch","settings":{"title":"Centre Court","category":"Limited","primary_color_code":"#e7e2d3","secondary_color_code":"#02ae6e"}},"a5c351ae-8fe3-4557-a6cf-7adc00dae47a":{"type":"swatch","settings":{"title":"Hotter Pink","category":"Limited","primary_color_code":"#eb62a3","secondary_color_code":""}},"f8b56765-31f7-458e-8ff3-d319dfd2dcbb":{"type":"swatch","settings":{"title":"Mint\/Jade","category":"Limited","primary_color_code":"#bde1e5","secondary_color_code":"#02ae6e"}},"02a6a702-151d-41a4-9789-c72ac15c4734":{"type":"swatch","settings":{"title":"Hunter Green\/Cream","category":"Limited","primary_color_code":"#1f513b","secondary_color_code":"#e8e2d6"}},"8c2363f0-3876-4c81-8f4b-08663f3f4adc":{"type":"swatch","settings":{"title":"Clouds","category":"Prints","primary_color_code":"","secondary_color_code":"","primary_image":"shopify:\/\/shop_images\/clouds.png"}},"d40c1cf0-3bc5-40e0-8f9b-545a3da6cef1":{"type":"swatch","settings":{"title":"Breton Stripe","category":"Prints","primary_color_code":"","secondary_color_code":"","primary_image":"shopify:\/\/shop_images\/brettonstripe-icon.jpg"}},"d72ca4c0-62bf-40c9-abb2-3b3b5c594274":{"type":"swatch","settings":{"title":"Black\/Flamingo","category":"Limited","primary_color_code":"#1d1d1b","secondary_color_code":"#f5b0bd"}},"dd7eb874-2ea8-45fa-b3a7-acdf9d0597e9":{"type":"swatch","settings":{"title":"Celebrate Chilling","category":"Prints","primary_color_code":"","secondary_color_code":"","primary_image":"shopify:\/\/shop_images\/celebrate-chilling.png"}},"9f058e18-af95-4f1a-a791-122657365c03":{"type":"swatch","settings":{"title":"Salt + Pepper","category":"Prints","primary_color_code":"","secondary_color_code":"","primary_image":"shopify:\/\/shop_images\/salt-pepper.png"}},"2c52baa3-d10a-4956-ae10-0f0474c7f17d":{"type":"swatch","settings":{"title":"Tie Dye","category":"Prints","primary_color_code":"","secondary_color_code":"","primary_image":"shopify:\/\/shop_images\/tiedye-swatch_879d65e4-03d0-463a-80c2-7694f466afe1.jpg"}},"cef4caa2-e8c7-4088-bd3f-eb651bf04695":{"type":"swatch","settings":{"title":"Pink Terrazzo","category":"Prints","primary_color_code":"","secondary_color_code":"","primary_image":"shopify:\/\/shop_images\/basketballshort-pinkterrazzo-swatch.jpg"}},"b24351a2-6e92-4877-a37f-6d868b0db412":{"type":"swatch","settings":{"title":"Cerulean Check","category":"Prints","primary_color_code":"","secondary_color_code":"","primary_image":"shopify:\/\/shop_images\/ceruleancheck-swatch.jpg"}},"9bed33d2-327a-4983-bf38-74a97b26bedb":{"type":"swatch","settings":{"title":"White","category":"Classics","primary_color_code":"#ffffff","secondary_color_code":"#ffffff"}},"30617541-3043-43bd-ad9d-d7a3a0885586":{"type":"swatch","settings":{"title":"Bouquet","category":"Prints","primary_color_code":"","secondary_color_code":"","primary_image":"shopify:\/\/shop_images\/bouquet-swatch-shopify_e0d7b57f-6167-4b3c-952b-f6a671a94674.jpg"}},"3e77940e-f8bb-4174-a8ff-8b78f0f769a4":{"type":"swatch","settings":{"title":"Leopard","category":"Prints","primary_color_code":"","secondary_color_code":"","primary_image":"shopify:\/\/shop_images\/leopard.png"}},"0dd95404-fdf5-46db-a56e-044b3b477cf5":{"type":"swatch","settings":{"title":"Terrazzo","category":"Prints","primary_color_code":"","secondary_color_code":"","primary_image":"shopify:\/\/shop_images\/jamtee-terrazzo-swatch.jpg"}},"5e07d7fd-c151-498b-a9ee-f08ea0a64897":{"type":"swatch","settings":{"title":"Lavender \/ Gray","category":"Classics","primary_color_code":"#beb2d8","secondary_color_code":"#424144"}},"f5069e84-8afd-43a8-b924-d2fa390c7088":{"type":"swatch","settings":{"title":"Sundae Best","category":"Prints","primary_color_code":"","secondary_color_code":"","primary_image":"shopify:\/\/shop_images\/sundaebest-swatch.jpg"}},"4ccf01b1-920a-438a-8056-403627b7a03e":{"type":"swatch","settings":{"title":"Snow Leopard","category":"Prints","primary_color_code":"","secondary_color_code":"","primary_image":"shopify:\/\/shop_images\/swatch-snowleopard.jpg"}},"6f946e12-0ab9-49b8-8765-59650327f66e":{"type":"swatch","settings":{"title":"Lavender Check","category":"Prints","primary_color_code":"","secondary_color_code":"","primary_image":"shopify:\/\/shop_images\/lavendercheck-shopify-swatch.jpg"}},"fa060dcd-0c6d-4d89-8fc7-c423f35d3171":{"type":"swatch","settings":{"title":"Cabernet\/Lavender","category":"Limited","primary_color_code":"#6a272a","secondary_color_code":"#beb2d8"}},"4ed265b3-1e1a-48f5-b802-fa0a55b98768":{"type":"swatch","settings":{"title":"Cactus","category":"","primary_color_code":"#6e8946","secondary_color_code":""}},"105f6a2a-1a1f-430b-a884-c5bd320367fe":{"type":"swatch","settings":{"title":"Lunar Rock","category":"Limited","primary_color_code":"#b8adb6","secondary_color_code":"#dcd2d6"}},"87fa9b7a-abbc-429e-a980-84cbe3d251ca":{"type":"swatch","settings":{"title":"Cerulean","category":"Classics","primary_color_code":"#b3cfe0","secondary_color_code":""}},"b836ca58-3c6d-4cde-9170-c8753a7a7e5f":{"type":"swatch","settings":{"title":"Peach","category":"Limited","primary_color_code":"#f2bfa3","secondary_color_code":""}},"0dce1ddc-7411-4a4f-98a2-159c1ae62a2b":{"type":"swatch","settings":{"title":"Poppy\/Navy","category":"Limited","primary_color_code":"#f2014b","secondary_color_code":"#232b3f"}},"d9bcb44a-5130-410c-9c28-97a0627bca45":{"type":"swatch","settings":{"title":"Hotter Pink\/Mint","category":"Limited","primary_color_code":"#eb62a3","secondary_color_code":"#bde1e5"}},"81989f12-57bb-4a05-bee9-1b9377b388e7":{"type":"swatch","settings":{"title":"Azure\/Poppy","category":"Limited","primary_color_code":"#5daad4","secondary_color_code":"#f2014b"}},"9a9fd49e-f87b-4d0b-bd50-decac4da349e":{"type":"swatch","settings":{"title":"Ice Cube","category":"Prints","primary_color_code":"","secondary_color_code":"","primary_image":"shopify:\/\/shop_images\/icecubeicon.jpg"}},"swatch_Dabp4e":{"type":"swatch","settings":{"title":"Neutrals \/ 3 Pack","category":"","primary_color_code":"","secondary_color_code":"","primary_image":"shopify:\/\/shop_images\/Neutrals.png"}},"swatch_kC9tFq":{"type":"swatch","settings":{"title":"Lavender Mint \/ 3 Pack","category":"","primary_color_code":"","secondary_color_code":"","primary_image":"shopify:\/\/shop_images\/Lavender_Mint.png"}},"swatch_rEJpre":{"type":"swatch","settings":{"title":"Light Bright \/ 3 Pack","category":"","primary_color_code":"","secondary_color_code":"","primary_image":"shopify:\/\/shop_images\/Light-Bright.png"}},"swatch_W46YFg":{"type":"swatch","settings":{"title":"Burgundy","category":"","primary_color_code":"#853149","secondary_color_code":"#3f3f3f"}}},"block_order":["a67252ea-3a49-4fc2-9f4c-a13aff1f83e2","8740f930-64f6-4186-84a6-eb9ca3022b6d","60661964-536b-4099-befc-40f7e65c04fe","07deec16-0ec5-4800-9d68-15b44d3a3de1","1f0879de-32f7-4023-a31c-02525f5de7c5","c0aebf34-26ff-4d16-b781-5c9b4623bdf8","2e4bf140-12a3-444e-bf9f-12d477f7935e","swatch_RDVAEH","77be22ed-6537-4c84-abc5-64eed69c158c","swatch_gpr9Gd","92937706-d79d-414b-9cec-3913f941aaf3","b2388f3c-3fcb-4366-a2a1-48d2f3b03894","ea35f12e-9ff5-425e-a82b-6aa6781af405","dad82752-a269-4667-8fd2-4b89cfe50388","195e68de-1001-46cf-9049-24a8656ade61","f565d3e1-af52-47bb-941e-6ece29f0f097","3399da28-6148-4d73-a774-ac20354b3e8a","3d06e920-6919-457b-b60b-54a04b803cac","a5c351ae-8fe3-4557-a6cf-7adc00dae47a","f8b56765-31f7-458e-8ff3-d319dfd2dcbb","02a6a702-151d-41a4-9789-c72ac15c4734","8c2363f0-3876-4c81-8f4b-08663f3f4adc","d40c1cf0-3bc5-40e0-8f9b-545a3da6cef1","d72ca4c0-62bf-40c9-abb2-3b3b5c594274","dd7eb874-2ea8-45fa-b3a7-acdf9d0597e9","9f058e18-af95-4f1a-a791-122657365c03","2c52baa3-d10a-4956-ae10-0f0474c7f17d","cef4caa2-e8c7-4088-bd3f-eb651bf04695","b24351a2-6e92-4877-a37f-6d868b0db412","9bed33d2-327a-4983-bf38-74a97b26bedb","30617541-3043-43bd-ad9d-d7a3a0885586","3e77940e-f8bb-4174-a8ff-8b78f0f769a4","0dd95404-fdf5-46db-a56e-044b3b477cf5","5e07d7fd-c151-498b-a9ee-f08ea0a64897","f5069e84-8afd-43a8-b924-d2fa390c7088","4ccf01b1-920a-438a-8056-403627b7a03e","6f946e12-0ab9-49b8-8765-59650327f66e","fa060dcd-0c6d-4d89-8fc7-c423f35d3171","4ed265b3-1e1a-48f5-b802-fa0a55b98768","105f6a2a-1a1f-430b-a884-c5bd320367fe","87fa9b7a-abbc-429e-a980-84cbe3d251ca","b836ca58-3c6d-4cde-9170-c8753a7a7e5f","0dce1ddc-7411-4a4f-98a2-159c1ae62a2b","d9bcb44a-5130-410c-9c28-97a0627bca45","81989f12-57bb-4a05-bee9-1b9377b388e7","9a9fd49e-f87b-4d0b-bd50-decac4da349e","swatch_Dabp4e","swatch_kC9tFq","swatch_rEJpre","swatch_W46YFg"],"settings":{}},"color-swatches-2":{"type":"color-swatches-2","blocks":{"34a064b8-b2b7-4067-83d7-dc3e18e2db11":{"type":"swatch","settings":{"title":"Navy\/Black","category":"Classics","primary_color_code":"#232b3f","secondary_color_code":"#1d1d1b"}},"c90cf747-b311-4dc9-b412-44d11103435b":{"type":"swatch","settings":{"title":"Salt + Pepper","category":"Classics","primary_color_code":"","secondary_color_code":"","primary_image":"shopify:\/\/shop_images\/salt-pepper.png"}},"54cd0785-58c3-42b2-a1d9-4225738205ac":{"type":"swatch","settings":{"title":"Light Gray Heather\/Navy","category":"Limited","primary_color_code":"","secondary_color_code":"","primary_image":"shopify:\/\/shop_images\/lightgrayheather-navy-swatch.jpg"}},"584d4779-91e5-4081-927b-44aa951f81cc":{"type":"swatch","settings":{"title":"Gray","category":"Classics","primary_color_code":"#424144","secondary_color_code":""}},"4f0e5e94-485b-4ebd-bfea-e2eb91e666e3":{"type":"swatch","settings":{"title":"Lavender\/Black","category":"Classics","primary_color_code":"#beb2d8","secondary_color_code":"#1d1d1b"}},"aa956b86-9885-4a1a-b26b-e41155b25fb0":{"type":"swatch","settings":{"title":"Black\/Heather Gray","category":"Classics","primary_color_code":"#1d1d1b","secondary_color_code":"#424144"}},"d565df80-6939-4cda-83ba-5d4aa924f20b":{"type":"swatch","settings":{"title":"Heather Gray\/Black","category":"Classics","primary_color_code":"#424144","secondary_color_code":"#1d1d1b"}},"ef4fc5a0-cbc1-4a5f-b0a9-20cccce2b204":{"type":"swatch","settings":{"title":"Lavender","category":"Limited","primary_color_code":"#beb2d8","secondary_color_code":""}},"2ecc562e-1e3c-4b92-848e-6fa6f72b429c":{"type":"swatch","settings":{"title":"Charcoal","category":"Classics","primary_color_code":"#413f43","secondary_color_code":"#1d1d1b","primary_image":"shopify:\/\/shop_images\/charcoal.png"}},"cf75f1af-efdb-4b90-8cab-8fa8aa5d1ba0":{"type":"swatch","settings":{"title":"Mint","category":"Limited","primary_color_code":"#bde1e5","secondary_color_code":""}},"6e088a40-fe8c-4aeb-81b4-0a76354cd61d":{"type":"swatch","settings":{"title":"Cabernet","category":"Limited","primary_color_code":"#6a272a","secondary_color_code":""}},"dc0e6c3a-62de-4ceb-8b84-0904796ce66a":{"type":"swatch","settings":{"title":"Gray\/Cerulean","category":"Limited","primary_color_code":"#424144","secondary_color_code":"#b3cfe0"}},"42ac9396-ae23-4fd6-af97-961a57f69689":{"type":"swatch","settings":{"title":"Toast","category":"Limited","primary_color_code":"#cc9b7a","secondary_color_code":""}},"20b3d1e3-a1b4-4e17-9d54-d31cdb93cd0a":{"type":"swatch","settings":{"title":"Lavender\/Gray","category":"Limited","primary_color_code":"","secondary_color_code":""}},"cda93fa0-017c-4743-b57f-8d6563dffbbc":{"type":"swatch","settings":{"title":"Cocoa \/ Cerulean","category":"Limited","primary_color_code":"#7f635a","secondary_color_code":"#b3cfe0"}},"173ebb69-a7ab-4b30-87dd-73c8beb7553a":{"type":"swatch","settings":{"title":"5 to 9","category":"Limited","primary_color_code":"#232b3f","secondary_color_code":"#423f3f"}},"487cb430-cf8d-459b-b11d-fc095c0eb103":{"type":"swatch","settings":{"title":"Checkerboard Gradient","category":"Prints","primary_color_code":"","secondary_color_code":"","primary_image":"shopify:\/\/shop_images\/checkerboardgradient.jpg"}},"2063fede-8908-4601-809e-76a97a7ac764":{"type":"swatch","settings":{"title":"Pinstripe","category":"Prints","primary_color_code":"","secondary_color_code":"","primary_image":"shopify:\/\/shop_images\/pinstripe-shopify-swatch_copy.jpg"}},"dce19d2b-befe-4cd2-b230-0f61d89563d8":{"type":"swatch","settings":{"title":"Clouds","category":"Prints","primary_color_code":"","secondary_color_code":"","primary_image":"shopify:\/\/shop_images\/clouds.png"}},"b7b20ca4-4a66-4f71-ad0e-99b1302778d3":{"type":"swatch","settings":{"title":"Block Party","category":"Limited","primary_color_code":"#ffb765","secondary_color_code":"#b3cfe0","primary_image":"shopify:\/\/shop_images\/Artboard_1_fdaafcf5-68fe-4dac-9018-56dd106ce214.png"}},"eecda3fa-4c98-4202-8fc0-3f73b1ffd779":{"type":"swatch","settings":{"title":"USA '94","category":"Prints","primary_color_code":"","secondary_color_code":"","primary_image":"shopify:\/\/shop_images\/22_FaHo_Jambys_Stars.jpg"}},"5c882a42-167b-4649-9379-facf471cdf1a":{"type":"swatch","settings":{"title":"Blue Ice Cream","category":"Limited","primary_color_code":"","secondary_color_code":"","primary_image":"shopify:\/\/shop_images\/22_FaHo_Jambys_Blue_Ice_Cream.jpg"}},"a20280e4-c96a-4251-a8f8-eb996e2f1817":{"type":"swatch","settings":{"title":"Black Leopard","category":"Prints","primary_color_code":"","secondary_color_code":"","primary_image":"shopify:\/\/shop_images\/22_FaHo_Jambys_Leopard_Black.jpg"}},"bb76a697-48a8-4ed8-9f1a-9360aad3a71c":{"type":"swatch","settings":{"title":"Leopard","category":"Prints","primary_color_code":"","secondary_color_code":"","primary_image":"shopify:\/\/shop_images\/21FahoJambysToastLeopardButton-1637350042996_0446a0c1-4e06-4914-b0c5-b8ba9954c8ac.jpg"}},"9bd350c4-4862-474d-89b2-0b9bef754bb2":{"type":"swatch","settings":{"title":"Lavender Leopard","category":"Prints","primary_color_code":"","secondary_color_code":"","primary_image":"shopify:\/\/shop_images\/21FahoJambysLavLeopardButton-1637350032647_f3e1dff5-471c-4933-b4da-1e2a10b7ffb5.jpg"}},"6ea52ddd-decb-4e37-8fa0-18dd5932d539":{"type":"swatch","settings":{"title":"Confetti","category":"Prints","primary_color_code":"","secondary_color_code":"","primary_image":"shopify:\/\/shop_images\/confetti.png"}},"2e6f48be-a500-45d8-9d13-5dd1847b51be":{"type":"swatch","settings":{"title":"OpArt","category":"Prints","primary_color_code":"","secondary_color_code":"","primary_image":"shopify:\/\/shop_images\/op-art.png"}},"cd9cac04-524f-460f-88c2-b6e2dd297697":{"type":"swatch","settings":{"title":"Black Watch","category":"Prints","primary_color_code":"","secondary_color_code":"","primary_image":"shopify:\/\/shop_images\/22_FaHo_Jambys_Black_Watch.jpg"}},"7437776f-76a0-41e3-9edb-3fa21514d380":{"type":"swatch","settings":{"title":"Navy\/Lavender","category":"Limited","primary_color_code":"#232b3f","secondary_color_code":"#beb2d8"}},"2f8fbdfe-f7ca-4cae-b8b9-620bc9edb6a6":{"type":"swatch","settings":{"title":"Snow Leopard","category":"Prints","primary_color_code":"","secondary_color_code":"","primary_image":"shopify:\/\/shop_images\/swatch-snowleopard.jpg"}},"e23ef8c8-3fd3-452c-a88a-c627b64d616e":{"type":"swatch","settings":{"title":"Ice Cream","category":"Prints","primary_color_code":"","secondary_color_code":"","primary_image":"shopify:\/\/shop_images\/ice-cream.png"}},"93f34c0b-bc34-47c2-8f1a-3a7460ee94bc":{"type":"swatch","settings":{"title":"New Blue\/Lavender","category":"Limited","primary_color_code":"#232b3f","secondary_color_code":"#beb2d8"}},"be2e8181-0c2e-49ee-9799-ff5b1fbe2988":{"type":"swatch","settings":{"title":"Cabernet\/Cerulean","category":"Limited","primary_color_code":"#6a272a","secondary_color_code":"#b3cfe0"}},"639bb549-8c72-47d2-a9e8-e20b512fbcb1":{"type":"swatch","settings":{"title":"Hibiscus \/ Pink","category":"Limited","primary_color_code":"#dc314a","secondary_color_code":"#ef81a0"}},"80bf5363-c05d-4704-9e7c-09295a608aa4":{"type":"swatch","settings":{"title":"Navy\/Hot Purple","category":"Limited","primary_color_code":"#232b3f","secondary_color_code":"#ab89ce"}},"9fb1b222-74c9-47ca-9c50-e06fbf980277":{"type":"swatch","settings":{"title":"Navy\/White\/Lavender","category":"","primary_color_code":"","secondary_color_code":"","primary_image":"shopify:\/\/shop_images\/Navy-white-lavender-swatch_a1fb1392-16aa-470e-bf98-50c408b48862.jpg"}},"9f753dda-e1ba-41a7-8dff-b8406b40edcc":{"type":"swatch","settings":{"title":"Jade","category":"Limited","primary_color_code":"#02ae6e","secondary_color_code":""}},"151864f6-e445-4d21-b3cb-891c5951837a":{"type":"swatch","settings":{"title":"Basil","category":"Limited","primary_color_code":"#96ae8e","secondary_color_code":""}},"f167d94f-e654-4f83-9a98-9b60442a69b2":{"type":"swatch","settings":{"title":"Black \/ Hibiscus","category":"Limited","primary_color_code":"#1d1d1b","secondary_color_code":"#dc314a"}},"e3655074-8c1c-4910-a4bf-78114b345ddb":{"type":"swatch","settings":{"title":"Navy \/ Pink","category":"Limited","primary_color_code":"#232b3f","secondary_color_code":"#ef81a0"}},"27b934de-21bf-4057-a42c-3ae0fbde79ea":{"type":"swatch","settings":{"title":"Mint \/ Navy","category":"Limited","primary_color_code":"#bde1e5","secondary_color_code":"#232b3f"}},"e9bbc7c2-a37c-4035-9668-0834164294fd":{"type":"swatch","settings":{"title":"Candy Cane","category":"Prints","primary_color_code":"rgba(0,0,0,0)","secondary_color_code":"rgba(0,0,0,0)","primary_image":"shopify:\/\/shop_images\/22_FaHo_Jambys_Print_Candy_Bold.jpg"}},"a3cbc8bb-20cc-4e10-b881-80cecd0218c0":{"type":"swatch","settings":{"title":"Mystery","category":"Limited","primary_color_code":"","secondary_color_code":"","primary_image":"shopify:\/\/shop_images\/rambys-alternatingquestionmark.jpg"}},"swatch_X94zrL":{"type":"swatch","settings":{"title":"Lavender+Mint","category":"","primary_color_code":"","secondary_color_code":"","primary_image":"shopify:\/\/shop_images\/Lavender_Mint.png"}},"swatch_3ti9rR":{"type":"swatch","settings":{"title":"Neutrals","category":"Classics","primary_color_code":"","secondary_color_code":"","primary_image":"shopify:\/\/shop_images\/Neutrals.png"}}},"block_order":["34a064b8-b2b7-4067-83d7-dc3e18e2db11","c90cf747-b311-4dc9-b412-44d11103435b","54cd0785-58c3-42b2-a1d9-4225738205ac","584d4779-91e5-4081-927b-44aa951f81cc","4f0e5e94-485b-4ebd-bfea-e2eb91e666e3","aa956b86-9885-4a1a-b26b-e41155b25fb0","d565df80-6939-4cda-83ba-5d4aa924f20b","ef4fc5a0-cbc1-4a5f-b0a9-20cccce2b204","2ecc562e-1e3c-4b92-848e-6fa6f72b429c","cf75f1af-efdb-4b90-8cab-8fa8aa5d1ba0","6e088a40-fe8c-4aeb-81b4-0a76354cd61d","dc0e6c3a-62de-4ceb-8b84-0904796ce66a","42ac9396-ae23-4fd6-af97-961a57f69689","20b3d1e3-a1b4-4e17-9d54-d31cdb93cd0a","cda93fa0-017c-4743-b57f-8d6563dffbbc","173ebb69-a7ab-4b30-87dd-73c8beb7553a","487cb430-cf8d-459b-b11d-fc095c0eb103","2063fede-8908-4601-809e-76a97a7ac764","dce19d2b-befe-4cd2-b230-0f61d89563d8","b7b20ca4-4a66-4f71-ad0e-99b1302778d3","eecda3fa-4c98-4202-8fc0-3f73b1ffd779","5c882a42-167b-4649-9379-facf471cdf1a","a20280e4-c96a-4251-a8f8-eb996e2f1817","bb76a697-48a8-4ed8-9f1a-9360aad3a71c","9bd350c4-4862-474d-89b2-0b9bef754bb2","6ea52ddd-decb-4e37-8fa0-18dd5932d539","2e6f48be-a500-45d8-9d13-5dd1847b51be","cd9cac04-524f-460f-88c2-b6e2dd297697","7437776f-76a0-41e3-9edb-3fa21514d380","2f8fbdfe-f7ca-4cae-b8b9-620bc9edb6a6","e23ef8c8-3fd3-452c-a88a-c627b64d616e","93f34c0b-bc34-47c2-8f1a-3a7460ee94bc","be2e8181-0c2e-49ee-9799-ff5b1fbe2988","639bb549-8c72-47d2-a9e8-e20b512fbcb1","80bf5363-c05d-4704-9e7c-09295a608aa4","9fb1b222-74c9-47ca-9c50-e06fbf980277","9f753dda-e1ba-41a7-8dff-b8406b40edcc","151864f6-e445-4d21-b3cb-891c5951837a","f167d94f-e654-4f83-9a98-9b60442a69b2","e3655074-8c1c-4910-a4bf-78114b345ddb","27b934de-21bf-4057-a42c-3ae0fbde79ea","e9bbc7c2-a37c-4035-9668-0834164294fd","a3cbc8bb-20cc-4e10-b881-80cecd0218c0","swatch_X94zrL","swatch_3ti9rR"],"settings":{}},"reviews-marquee":{"type":"reviews-marquee","blocks":{"973fad9c-6e69-4529-a968-bbc9ac60b9a1":{"type":"select","settings":{"is_blank_1":false,"points_right_1":true,"title_1":"<p>Comfiest shorts I own!<\/p>","name_1":"Emma D.","classname_1":"row-span-4 col-span-3 row-start-2 col-start-3","bubble_classname_1":"","attributes_1":"","alignment_1":"self-center","justified_1":"justify-self-center","is_blank_2":false,"points_right_2":false,"title_2":"<p>So comfy. Just get them<\/p>","name_2":"Thomas D.","classname_2":"row-span-5 col-span-4 row-start-7 col-start-2","bubble_classname_2":"","attributes_2":"","alignment_2":"self-center","justified_2":"justify-self-start"}},"90847c0d-2998-4410-ad75-f5141f375738":{"type":"select","settings":{"is_blank_1":true,"points_right_1":false,"title_1":"","name_1":"","classname_1":"row-span-3 col-span-3 col-start-1 row-start-12","bubble_classname_1":"","attributes_1":"","alignment_1":"self-center","justified_1":"justify-self-center","is_blank_2":false,"points_right_2":true,"title_2":"<p>Customer service rocked<\/p>","name_2":"Gabrielle S.","classname_2":"row-span-4 col-span-4 row-start-14 col-start-4","bubble_classname_2":"","attributes_2":"","alignment_2":"self-center","justified_2":"justify-self-center"}},"f8c2d078-3570-4e72-b126-60b6ab396289":{"type":"select","settings":{"is_blank_1":false,"points_right_1":false,"title_1":"<p>Best customer service EVER!<\/p>","name_1":"Stephanie C.","classname_1":"row-span-4 col-span-4 col-start-6 row-start-3","bubble_classname_1":"","attributes_1":"","alignment_1":"self-center","justified_1":"justify-self-center","is_blank_2":false,"points_right_2":true,"title_2":"<p>LIKE RUBBING YOUR FACE IN A CLOUD<\/p>","name_2":"Paul H.","classname_2":"row-span-5 col-span-4 col-start-7 row-start-8","bubble_classname_2":"","attributes_2":"","alignment_2":"self-center","justified_2":"justify-self-center"}},"148c0b85-84d4-4e43-99e9-066a281f6a29":{"type":"select","settings":{"is_blank_1":false,"points_right_1":false,"title_1":"<p>So comfortable, absolutely loving them<\/p>","name_1":"Michael L.","classname_1":"row-span-5 col-span-4 row-start-15 col-start-8","bubble_classname_1":"","attributes_1":"","alignment_1":"self-center","justified_1":"justify-self-center","is_blank_2":false,"points_right_2":true,"title_2":"<p>Gods greatest gift to earth and man kind<\/p>","name_2":"Kevin F.","classname_2":"row-span-4 col-span-5 row-start-1 col-start-10","bubble_classname_2":"","attributes_2":"","alignment_2":"self-center","justified_2":"justify-self-center"}},"cb58fcb5-a66f-4195-8e62-3734b8a55f24":{"type":"select","settings":{"is_blank_1":false,"points_right_1":false,"title_1":"<p>I may never wear any other pants ever again.<\/p>","name_1":"Brianna W.","classname_1":"row-span-5 col-span-4 row-start-6 col-start-11","bubble_classname_1":"","attributes_1":"","alignment_1":"self-center","justified_1":"justify-self-center","is_blank_2":true,"points_right_2":false,"title_2":"","name_2":"","classname_2":"row-span-4 col-span-2 row-start-12 col-start-12","bubble_classname_2":"","attributes_2":"","alignment_2":"self-center","justified_2":"justify-self-center"}},"45341100-ccee-4bb3-b1cc-e4967053b318":{"type":"select","settings":{"is_blank_1":false,"points_right_1":true,"title_1":"<p>Even comfier than you’d think they’d be<\/p>","name_1":"Kirby Z.","classname_1":"row-span-4 col-span-5 row-start-16 col-start-13","bubble_classname_1":"","attributes_1":"","alignment_1":"self-center","justified_1":"justify-self-center","is_blank_2":false,"points_right_2":false,"title_2":"<p>Perfect for all genders!<\/p>","name_2":"Susan B.","classname_2":"row-span-4 col-span-4 row-start-2 col-start-15","bubble_classname_2":"","attributes_2":"","alignment_2":"self-center","justified_2":"justify-self-center"}},"3aa0fb67-fb39-4f18-a173-826266136f9c":{"type":"select","settings":{"is_blank_1":false,"points_right_1":false,"title_1":"<p>I didn't believe the hype could be real. You forget you're wearing clothes!<\/p>","name_1":"Samantha R.","classname_1":"row-span-5 col-span-5 col-start-15 row-start-9","bubble_classname_1":"","attributes_1":"","alignment_1":"self-center","justified_1":"justify-self-center","is_blank_2":false,"points_right_2":true,"title_2":"<p>Drunk ordered these for my boyfriend and he loves em!<\/p>","name_2":"Lindsey Q.","classname_2":"row-span-6 col-span-5 col-start-19 row-start-3","bubble_classname_2":"","attributes_2":"","alignment_2":"self-center","justified_2":"justify-self-center"}},"f8ee0711-afa9-47a1-a342-e114786665f2":{"type":"select","settings":{"is_blank_1":true,"points_right_1":false,"title_1":"","name_1":"","classname_1":"row-span-4 col-span-3 row-start-16 col-start-18","bubble_classname_1":"","attributes_1":"","alignment_1":"self-center","justified_1":"justify-self-center","is_blank_2":false,"points_right_2":false,"title_2":"<p>The perfect lounge shorts.<\/p>","name_2":"Timothy J.","classname_2":"row-span-4 col-span-4 row-start-11 col-start-20","bubble_classname_2":"","attributes_2":"","alignment_2":"self-center","justified_2":"justify-self-center"}},"40175a4d-469a-4016-a99a-638ed24f892b":{"type":"select","settings":{"is_blank_1":false,"points_right_1":true,"title_1":"<p>These are a complete revelation.<\/p>","name_1":"Nicolas C.","classname_1":"row-span-4 col-span-5 row-start-16 col-start-22","bubble_classname_1":"","attributes_1":"","alignment_1":"self-center","justified_1":"justify-self-center","is_blank_2":false,"points_right_2":false,"title_2":"<p>I think the material might literally be the softest fabric I've ever felt.<\/p>","name_2":"Emma","classname_2":"row-span-5 col-span-5 col-start-24 row-start-2","bubble_classname_2":"","attributes_2":"","alignment_2":"self-center","justified_2":"justify-self-center"}},"85de96b1-13e9-445b-8f0b-46ef0555780e":{"type":"select","settings":{"is_blank_1":true,"points_right_1":true,"title_1":"","name_1":"","classname_1":"row-span-4 col-span-3 row-start-9 col-start-24","bubble_classname_1":"","attributes_1":"","alignment_1":"self-center","justified_1":"justify-self-center","is_blank_2":false,"points_right_2":false,"title_2":"<p>WFH FTW<\/p>","name_2":"Nathan","classname_2":"row-span-3 col-span-3 row-start-17 col-start-27","bubble_classname_2":"","attributes_2":"","alignment_2":"self-center","justified_2":"justify-self-center"}},"e0a30e50-f4ef-4b85-aabf-f38daf335c46":{"type":"select","settings":{"is_blank_1":false,"points_right_1":false,"title_1":"<p>I'm obsessed with these - and so is my girlfriend<\/p>","name_1":"Jacob","classname_1":"row-span-5 col-span-5 row-start-12 col-start-26 mb-2","bubble_classname_1":"","attributes_1":"","alignment_1":"self-center","justified_1":"justify-self-center","is_blank_2":false,"points_right_2":true,"title_2":"<p>My boys have not taken these off since they opened them!<\/p>","name_2":"Scott S.","classname_2":"row-span-6 col-span-5 col-start-29 ml-5 row-start-1","bubble_classname_2":"","attributes_2":"","alignment_2":"self-center","justified_2":"justify-self-center"}},"5eebc2e9-1602-4878-be87-68a7568cfa05":{"type":"select","settings":{"is_blank_1":false,"points_right_1":true,"title_1":"<p>Like being continuously hugged by an angel. Cute too.<\/p>","name_1":"Susanna P.","classname_1":"row-span-5 col-span-5 row-start-8 col-start-32 ml-4","bubble_classname_1":"","attributes_1":"","alignment_1":"self-center","justified_1":"justify-self-center","is_blank_2":false,"points_right_2":false,"title_2":"<p>Most comfortable shorts I've ever worn.<\/p>","name_2":"Julia C.","classname_2":"row-span-5 col-span-5 row-start-7 col-start-27","bubble_classname_2":"","attributes_2":"","alignment_2":"self-center","justified_2":"justify-self-center"}},"1abe6a03-73af-437c-b0a4-67b0eb163114":{"type":"select","settings":{"is_blank_1":false,"points_right_1":true,"title_1":"<p>Fast shipping. Affordable pricing. Unmatched comfort.<\/p>","name_1":"Kevin F.","classname_1":"row-span-5 col-span-5 row-start-14 col-start-31","bubble_classname_1":"","attributes_1":"","alignment_1":"self-center","justified_1":"justify-self-center","is_blank_2":false,"points_right_2":false,"title_2":"<p>These are the best loungewear \/ sleep shorts out there!<\/p>","name_2":"Stephen W.","classname_2":"row-span-5 col-span-5 mr-6 col-start-34 row-start-2","bubble_classname_2":"","attributes_2":"","alignment_2":"self-center","justified_2":"justify-self-center"}},"f13795db-dd6e-4d19-a867-54d0c51079b3":{"type":"select","disabled":true,"settings":{"is_blank_1":false,"points_right_1":false,"title_1":"<p>Fast shipping. Affordable pricing. Unmatched comfort.<\/p>","name_1":"","classname_1":"col-span-4 row-span-4","bubble_classname_1":"","attributes_1":"","alignment_1":"self-center","justified_1":"justify-self-center","is_blank_2":false,"points_right_2":false,"title_2":"","name_2":"","classname_2":"col-span-4 row-span-4","bubble_classname_2":"","attributes_2":"","alignment_2":"self-center","justified_2":"justify-self-center"}},"c3e10d8d-85cf-4797-8c1b-2380b49ee521":{"type":"select","settings":{"is_blank_1":false,"points_right_1":false,"title_1":"<p>SOOO SOFT!!<\/p>","name_1":"Sarah M.","classname_1":"row-span-4 col-span-3 col-start-36 row-start-16","bubble_classname_1":"","attributes_1":"style=\"width: 180px;\"","alignment_1":"self-center","justified_1":"justify-self-center","is_blank_2":true,"points_right_2":true,"title_2":"<p>this is<\/p>","name_2":"","classname_2":"col-span-4 row-span-4","bubble_classname_2":"","attributes_2":"","alignment_2":"self-start","justified_2":"justify-self-start"}}},"block_order":["973fad9c-6e69-4529-a968-bbc9ac60b9a1","90847c0d-2998-4410-ad75-f5141f375738","f8c2d078-3570-4e72-b126-60b6ab396289","148c0b85-84d4-4e43-99e9-066a281f6a29","cb58fcb5-a66f-4195-8e62-3734b8a55f24","45341100-ccee-4bb3-b1cc-e4967053b318","3aa0fb67-fb39-4f18-a173-826266136f9c","f8ee0711-afa9-47a1-a342-e114786665f2","40175a4d-469a-4016-a99a-638ed24f892b","85de96b1-13e9-445b-8f0b-46ef0555780e","e0a30e50-f4ef-4b85-aabf-f38daf335c46","5eebc2e9-1602-4878-be87-68a7568cfa05","1abe6a03-73af-437c-b0a4-67b0eb163114","f13795db-dd6e-4d19-a867-54d0c51079b3","c3e10d8d-85cf-4797-8c1b-2380b49ee521"],"settings":{}},"color-swatches-3":{"type":"color-swatches-3","blocks":{"087d6a11-18ee-47c3-8c96-9281c6c26abb":{"type":"swatch","settings":{"title":"Black","category":"","primary_color_code":"#1d1d1b","secondary_color_code":""}},"4ad7193a-e7ec-4cc9-b0a3-37f9776199ca":{"type":"swatch","settings":{"title":"Gray","category":"","primary_color_code":"#424144","secondary_color_code":""}},"4872dcd5-ec27-40b0-b051-dac31f244d76":{"type":"swatch","settings":{"title":"Blue","category":"","primary_color_code":"#232b3f","secondary_color_code":""}},"3227f83d-5f7f-406d-b859-01eb23eff8a3":{"type":"swatch","settings":{"title":"Purple","category":"","primary_color_code":"#beb2d8","secondary_color_code":""}},"42068eac-8bc0-4e2d-beb3-aeb77689ce25":{"type":"swatch","settings":{"title":"Print","category":"","primary_color_code":"rgba(0,0,0,0)","secondary_color_code":"","primary_image":"shopify:\/\/shop_images\/celebrate-chilling.png"}},"219957be-d232-416c-8d20-912d239491e6":{"type":"swatch","settings":{"title":"Light Blue","category":"","primary_color_code":"#b3cfe0","secondary_color_code":""}},"f95801db-668f-425a-88fb-17afcaa8d7f7":{"type":"swatch","settings":{"title":"Green","category":"","primary_color_code":"#1f513b","secondary_color_code":""}},"b5b75eba-74ea-40ca-940a-5328c5a73e16":{"type":"swatch","settings":{"title":"Pink","category":"","primary_color_code":"#f5b0bd","secondary_color_code":""}},"0187e9e8-31c6-4ed2-b07c-11ed7d7bb0a5":{"type":"swatch","settings":{"title":"Red","category":"","primary_color_code":"#f2014b","secondary_color_code":""}},"5fec84f2-9e7b-465f-8ef0-eabdd65e1cae":{"type":"swatch","settings":{"title":"Limited","category":"","primary_color_code":"rgba(0,0,0,0)","secondary_color_code":"","primary_image":"shopify:\/\/shop_images\/lavendercheck-shopify-swatch.jpg"}}},"block_order":["087d6a11-18ee-47c3-8c96-9281c6c26abb","4ad7193a-e7ec-4cc9-b0a3-37f9776199ca","4872dcd5-ec27-40b0-b051-dac31f244d76","3227f83d-5f7f-406d-b859-01eb23eff8a3","42068eac-8bc0-4e2d-beb3-aeb77689ce25","219957be-d232-416c-8d20-912d239491e6","f95801db-668f-425a-88fb-17afcaa8d7f7","b5b75eba-74ea-40ca-940a-5328c5a73e16","0187e9e8-31c6-4ed2-b07c-11ed7d7bb0a5","5fec84f2-9e7b-465f-8ef0-eabdd65e1cae"],"settings":{}}},"content_for_index":[],"blocks":{"855628211100114053":{"type":"shopify:\/\/apps\/klaviyo-email-marketing-sms\/blocks\/klaviyo-onsite-embed\/2632fe16-c075-4321-a88b-50b567f42507","disabled":false,"settings":{}},"16017602894386113438":{"type":"shopify:\/\/apps\/junip-product-reviews-ugc\/blocks\/junip-store-key\/dc14f5a8-ed15-41b1-ad08-cfba23f9789b","disabled":false,"settings":{"enablePreviewMode":true}},"10384935893930344104":{"type":"shopify:\/\/apps\/seoant-broken-link-redirect\/blocks\/brokenlink-404\/cc7b1996-e567-42d0-8862-356092041863","disabled":false,"settings":{}},"15685250022964305326":{"type":"shopify:\/\/apps\/elevar-conversion-tracking\/blocks\/dataLayerEmbed\/bc30ab68-b15c-4311-811f-8ef485877ad6","disabled":false,"settings":{}},"1877152918344802950":{"type":"shopify:\/\/apps\/intelligems-a-b-testing\/blocks\/intelligems-script\/fa83b64c-0c77-4c0c-b4b2-b94b42f5ef19","disabled":true,"settings":{}},"15683396631634586217":{"type":"shopify:\/\/apps\/inbox\/blocks\/chat\/841fc607-4181-4ad1-842d-e24d7f8bad6b","disabled":true,"settings":{"button_color":"#202a36","button_icon":"chat_bubble","button_text":"no_text","button_horizontal_position":"bottom_right","button_vertical_position":"lowest","greeting_message":"👋 Hi, message us with any questions. We're happy to help!"}},"17676059084223943535":{"type":"shopify:\/\/apps\/triplewhale\/blocks\/triple_pixel_snippet\/483d496b-3f1a-4609-aea7-8eee3b6b7a2a","disabled":false,"settings":{}},"10641372206048101839":{"type":"shopify:\/\/apps\/rebuy-personalization-engine\/blocks\/rebuy-global-embed\/a26ae9b9-933b-40bf-bbc6-bf1220bbc4dc","disabled":false,"settings":{}},"733389323033596483":{"type":"shopify:\/\/apps\/okendo\/blocks\/theme-settings\/bb689e69-ea70-4661-8fb7-ad24a2e23c29","disabled":false,"settings":{"show_preview_data":true}},"11560147490181472608":{"type":"shopify:\/\/apps\/rivo-loyalty-rewards-referrals\/blocks\/app-embed\/580e9665-b2cd-4dbc-b6ba-6445ac9e6871","disabled":false,"settings":{}},"depict_brand_features":{"type":"shopify:\/\/apps\/depict\/blocks\/depict_brand_features\/ad5c7d1f-ddfb-424b-b936-7f08c4544f6b","disabled":false,"settings":{}},"10840395464443086010":{"type":"shopify:\/\/apps\/alia\/blocks\/customer-app-frame\/51f1d398-3e41-44da-b81e-defd5804b292","disabled":false,"settings":{}}}},"presets":{"Betty":{"col_text":"#5e5c5c","col_headings":"#423f3f","col_links":"#ef9a9a","col_page_bg":"#ffffff","col_stars":"#ef9a9a","col_head_links":"#423f3f","col_head_links_alt":"#ffffff","col_head_nav_bg":"#423f3f","col_head_links_active":"#ffffff","col_head_featured":"#e57373","col_head_announcement_bar_bg":"#423f3f","col_head_announcement_text":"#ffffff","col_btn":"#ffffff","col_btn_bg":"#423f3f","col_btn_secondary":"#423f3f","coll_col_sale_text":"#F1EAE4","coll_col_sale":"#A94547","coll_col_sold_text":"#ffffff","coll_col_sold":"#423f3f","coll_col_background":"","image_overlay_text":"#ffffff","image_overlay_bg":"#423f3f","image_overlay_opacity":13,"alt_bg_col":"#f4f4f4","alt_bg_text_col":"#423f3f","footer_text":"#36409A","footer_background":"#423f3f","prod_thumb_shape":"square","prod_show_videos":true,"enable_reviews":true,"show_product_block_reviews":true,"show_sale_label":true,"show_sold_out_label":true,"prod_label_layout":"standard","swatch_enabled":true,"swatch_images":true,"collection_thumb_shape":"square","collection_image_position":"center center","collection_hover_effect":"info","collection_show_product_count":true,"type_base_font":"nunito_sans_n4","type_heading_font":"century_gothic_n4","type_nav_font":"nunito_sans_n4","type_logo_font":"century_gothic_n7","font_size_base_int":15,"font_size_nav_int":30,"font_size_nav_sub_int":17,"buttons_style":"uppercase","buttons_shape":"slightly_rounded","animation_parallax_prod_image":true,"checkout_logo_position":"left","checkout_logo_size":"medium","checkout_body_background_image":"","checkout_body_background_color":"#fff","checkout_input_background_color_mode":"white","checkout_sidebar_background_image":"","checkout_sidebar_background_color":"#fafafa","checkout_heading_font":"-apple-system, BlinkMacSystemFont, 'Segoe UI', Roboto, Helvetica, Arial, sans-serif, 'Apple Color Emoji', 'Segoe UI Emoji', 'Segoe UI Symbol'","checkout_body_font":"-apple-system, BlinkMacSystemFont, 'Segoe UI', Roboto, Helvetica, Arial, sans-serif, 'Apple Color Emoji', 'Segoe UI Emoji', 'Segoe UI Symbol'","checkout_accent_color":"#197bbd","checkout_button_color":"#197bbd","checkout_error_color":"#e32c2b","prod_hover_effect":"image","col_mod_bg":"#e3a7a6","use_mod_bg_op":false,"col_content_bg":"#ffffff","use_content_bg_trans":false,"col_nav_prim":"#ffffff","col_nav_sec":"#ffffff","col_select_bg":"#ffffff","col_select_txt":"#000000","prod_label_col":"#ecb1b0","bg_image_method":"fill","animation_enabled_desktop":true,"sections":{"header":{"type":"header","settings":{"custom_header_color":"#fafafa","desktop_navigation":"inline","nav_opacity":"transparent","nav_positioning":"peek","desktop_logo_width":200,"mobile_logo_width":140,"use_alt_logo_when_active":true,"font_color_intelligems":"#36409a","font_color_bottom_intelligems":"#36409a","show_announcement":false,"announcement_home_only":false,"announcement_text_size":15,"show_locale_selector":true,"show_currency_selector":true}},"popup":{"type":"popup","settings":{"mode":"enabled","popup_delay_seconds":5,"popup_dismiss_for_days":2,"position":"bottom-right","show_newsletter":true,"show_social_icons":true}},"footer":{"type":"footer","blocks":{"1601536191916":{"type":"text","settings":{"image_width":100,"show_social_icons":true}},"1601536195594":{"type":"menu","settings":{}},"1601536198541":{"type":"menu","settings":{}},"1601536182566":{"type":"newsletter","settings":{}}},"block_order":["1601536191916","1601536195594","1601536198541","1601536182566"],"settings":{"show_payment_icons":true,"show_locale_selector":true,"show_currency_selector":true,"color_bg":"#22356a"}}}},"Beard":{"col_text":"#1a1a1a","col_headings":"#1a1a1a","col_links":"#c5b358","col_page_bg":"#ffffff","col_stars":"#c5b358","col_head_links":"#adadad","col_head_links_alt":"#adadad","col_head_nav_bg":"#1a1a1a","col_head_links_active":"#e4e4e4","col_head_featured":"#c5b358","col_head_announcement_bar_bg":"#1a1a1a","col_btn":"#e5e3da","col_btn_bg":"#333333","col_btn_secondary":"#333333","col_btn_bg_secondary":"#e5e3da","coll_col_sale_text":"#F1EAE4","coll_col_sale":"#A94547","coll_col_sold":"#444444","image_overlay_bg":"#1a1a1a","image_overlay_opacity":24,"alt_bg_col":"#444444","alt_bg_text_col":"#ffffff","popup_text":"#1a1a1a","footer_text":"#36409A","footer_background":"#1a1a1a","prod_thumb_shape":"natural","show_product_block_reviews":true,"prod_label_layout":"standard","collection_thumb_shape":"square","type_base_font":"anonymous_pro_n4","type_heading_font":"archivo_narrow_n6","type_nav_font":"archivo_narrow_n6","type_logo_font":"archivo_narrow_n7","font_size_base_int":14,"font_size_nav_int":20,"font_size_nav_sub_int":18,"buttons_shape":"sharp","checkout_logo_position":"center","checkout_logo_size":"small","checkout_body_background_color":"#444444","checkout_sidebar_background_color":"#f9f9f9","checkout_body_font":"-apple-system, BlinkMacSystemFont, 'Segoe UI', Roboto, Helvetica, Arial, sans-serif, 'Apple Color Emoji', 'Segoe UI Emoji', 'Segoe UI Symbol'","checkout_accent_color":"#c5b358","checkout_button_color":"#e5e3da","checkout_error_color":"#c01612","prod_hover_effect":"image","col_mod_bg":"#e3a7a6","use_mod_bg_op":false,"col_content_bg":"#ffffff","use_content_bg_trans":false,"col_nav_prim":"#ffffff","col_nav_sec":"#ffffff","col_select_bg":"#ffffff","col_select_txt":"#000000","prod_label_col":"#ecb1b0","bg_image_method":"fill","animation_enabled_desktop":true,"sections":{"header":{"type":"header","settings":{"custom_header_color":"#fafafa","desktop_navigation":"inline","nav_opacity":"opaque","nav_positioning":"sticky","desktop_logo_width":125,"mobile_logo_width":120,"use_alt_logo_when_active":true,"font_color_intelligems":"#36409a","font_color_bottom_intelligems":"#36409a","show_announcement":false,"announcement_home_only":false,"announcement_text_size":15,"nav_cart_icon":"basket2","show_locale_selector":true,"show_currency_selector":true}},"popup":{"type":"popup","settings":{"mode":"enabled","popup_delay_seconds":4,"popup_dismiss_for_days":24,"position":"center","show_newsletter":true,"show_social_icons":true}},"footer":{"type":"footer","settings":{"show_payment_icons":true,"show_locale_selector":true,"show_currency_selector":true,"color_bg":"#22356a"}}}},"Native":{"col_text":"#423f3f","col_headings":"#413f3f","col_links":"#ecb1b0","col_page_bg":"#ffffff","col_stars":"#ff9fbc","col_head_links":"#000000","col_head_links_alt":"#ffffff","col_head_nav_bg":"#ffffff","col_head_links_active":"#000000","col_head_featured":"#dd6666","col_head_announcement_bar_bg":"#000000","col_head_announcement_text":"#ffffff","col_btn":"#ffffff","col_btn_bg":"#000000","coll_col_sale_text":"#F1EAE4","coll_col_sale":"#A94547","coll_col_sold_text":"#000000","coll_col_sold":"rgba(0,0,0,0)","coll_col_background":"","image_overlay_text":"#ffffff","image_overlay_bg":"#000000","image_overlay_opacity":10,"alt_bg_col":"#f8f8f8","alt_bg_text_col":"#423f3f","popup_text":"#464654","popup_background":"#ffffff","footer_text":"#423f3f","footer_background":"#ffffff","prod_thumb_shape":"natural","prod_hover_effect":"image","enable_reviews":true,"show_product_block_reviews":true,"show_sale_label":true,"show_sold_out_label":true,"prod_label_layout":"marquee_on_hover","collection_thumb_shape":"natural","collection_image_position":"center center","collection_hover_effect":"info","collection_show_product_count":true,"type_base_font":"gill_sans_nova_n4","type_heading_font":"gill_sans_nova_n7","type_nav_font":"futura_n4","type_logo_font":"futura_n4","font_size_base_int":16,"font_size_nav_int":30,"font_size_nav_sub_int":20,"buttons_style":"normal","buttons_shape":"rounded","animation_parallax_prod_image":false,"checkout_logo_position":"left","checkout_logo_size":"medium","checkout_body_background_image":"","checkout_body_background_color":"#fff","checkout_input_background_color_mode":"white","checkout_sidebar_background_color":"#fafafa","checkout_heading_font":"-apple-system, BlinkMacSystemFont, 'Segoe UI', Roboto, Helvetica, Arial, sans-serif, 'Apple Color Emoji', 'Segoe UI Emoji', 'Segoe UI Symbol'","checkout_body_font":"-apple-system, BlinkMacSystemFont, 'Segoe UI', Roboto, Helvetica, Arial, sans-serif, 'Apple Color Emoji', 'Segoe UI Emoji', 'Segoe UI Symbol'","checkout_accent_color":"#197bbd","checkout_button_color":"#197bbd","checkout_error_color":"#e32c2b","col_mod_bg":"#e3a7a6","buttons_shadow":false,"use_mod_bg_op":false,"col_content_bg":"#ffffff","use_content_bg_trans":false,"col_nav_prim":"#ffffff","col_nav_sec":"#ffffff","col_select_bg":"#ffffff","col_select_txt":"#000000","prod_label_col":"#ecb1b0","bg_image_method":"fill","animation_enabled_desktop":true,"sections":{"header":{"type":"header","settings":{"custom_header_color":"#fafafa","desktop_navigation":"burger","nav_opacity":"transparent","nav_positioning":"sticky","desktop_logo_width":130,"mobile_logo_width":90,"use_alt_logo_when_active":false,"font_color_intelligems":"#36409a","font_color_bottom_intelligems":"#36409a","show_announcement":false,"announcement_home_only":true,"announcement_text_size":15,"show_locale_selector":true,"show_currency_selector":true}},"footer":{"type":"footer","blocks":{"1599643458732":{"type":"text","settings":{"image_width":100,"show_social_icons":true}},"1599643486667":{"type":"menu","settings":{}},"1599643512956":{"type":"menu","settings":{}},"1599643553849":{"type":"newsletter","settings":{}}},"block_order":["1599643458732","1599643486667","1599643512956","1599643553849"],"settings":{"show_payment_icons":true,"show_locale_selector":true,"show_currency_selector":true,"color_bg":"#22356a"}},"popup":{"type":"popup","settings":{"mode":"enabled","popup_delay_seconds":5,"popup_dismiss_for_days":2,"position":"center","show_newsletter":true,"show_social_icons":true}}}},"Luna":{"col_text":"#111111","col_headings":"#111111","col_links":"#111111","col_page_bg":"#ffffff","col_stars":"#eeaf2e","col_head_links":"#111111","col_head_links_alt":"#ffffff","col_head_nav_bg":"#ffffff","col_head_links_active":"#111111","col_head_featured":"#dd6666","col_head_announcement_bar_bg":"#111111","col_head_announcement_text":"#ffffff","col_btn":"#ffffff","col_btn_bg":"#111111","coll_col_sale_text":"#F1EAE4","coll_col_sale":"#A94547","coll_col_sold_text":"#111111","coll_col_sold":"rgba(0,0,0,0)","image_overlay_text":"#ffffff","image_overlay_bg":"#111111","image_overlay_opacity":14,"alt_bg_col":"#fbf7f5","alt_bg_text_col":"#111111","footer_text":"#111111","footer_background":"#ffffff","prod_thumb_shape":"natural","prod_hover_effect":"image","enable_reviews":true,"show_product_block_reviews":false,"show_sale_label":true,"show_sold_out_label":true,"prod_label_layout":"marquee_on_hover","collection_thumb_shape":"portrait_tall","collection_image_position":"center center","collection_hover_effect":"info","collection_show_product_count":true,"type_base_font":"neuzeit_s_n4","type_heading_font":"futura_n6","type_nav_font":"neuzeit_s_n4","type_logo_font":"neuzeit_s_n9","font_size_base_int":15,"font_size_nav_int":30,"font_size_nav_sub_int":18,"buttons_style":"uppercase","buttons_shape":"sharp","animation_parallax_prod_image":false,"checkout_logo_position":"left","checkout_logo_size":"medium","checkout_body_background_image":"","checkout_body_background_color":"#fff","checkout_input_background_color_mode":"white","checkout_sidebar_background_color":"#fafafa","checkout_heading_font":"-apple-system, BlinkMacSystemFont, 'Segoe UI', Roboto, Helvetica, Arial, sans-serif, 'Apple Color Emoji', 'Segoe UI Emoji', 'Segoe UI Symbol'","checkout_body_font":"-apple-system, BlinkMacSystemFont, 'Segoe UI', Roboto, Helvetica, Arial, sans-serif, 'Apple Color Emoji', 'Segoe UI Emoji', 'Segoe UI Symbol'","checkout_accent_color":"#197bbd","checkout_button_color":"#197bbd","checkout_error_color":"#e32c2b","show_product_reviews":false,"buttons_shadow":false,"col_mod_bg":"#e3a7a6","use_mod_bg_op":false,"col_content_bg":"#ffffff","use_content_bg_trans":false,"col_nav_prim":"#ffffff","col_nav_sec":"#ffffff","col_select_bg":"#ffffff","col_select_txt":"#000000","prod_label_col":"#ecb1b0","bg_image_method":"fill","animation_enabled_desktop":true,"sections":{"header":{"type":"header","settings":{"custom_header_color":"#fafafa","desktop_navigation":"inline","nav_opacity":"transparent","nav_positioning":"sticky","desktop_logo_width":110,"mobile_logo_width":140,"use_alt_logo_when_active":true,"font_color_intelligems":"#36409a","font_color_bottom_intelligems":"#36409a","show_announcement":false,"announcement_home_only":false,"announcement_text_size":15,"show_locale_selector":true,"show_currency_selector":true}},"footer":{"type":"footer","blocks":{"1600963133542":{"type":"text","settings":{"image_width":100,"show_social_icons":true}},"1601020687263":{"type":"menu","settings":{}},"1601022030378":{"type":"menu","settings":{}},"1601021503013":{"type":"newsletter","settings":{}}},"block_order":["1600963133542","1601020687263","1601022030378","1601021503013"],"settings":{"show_payment_icons":true,"show_locale_selector":true,"show_currency_selector":true,"color_bg":"#22356a"}},"popup":{"type":"popup","settings":{"mode":"disabled","popup_delay_seconds":5,"popup_dismiss_for_days":2,"position":"center","show_newsletter":true,"show_social_icons":true}}}}},"platform_customizations":{"custom_css":[".swiper-button-prev,.swiper-button-next {display: none !important;}",".slider-announcement .swiper-button-prev,.slider-announcement .swiper-button-next {display: flex !important;}","li#dtc-shop-all-desktop-25 {display: none !important;}","li#dtc-shop-all-mobile-25 {display: none !important;}","aside.cart-drawer.active-drawer {z-index: 99999 !important;}",".dtc-no-collection-swatches {display: block;}",".best-seller__container {display: block !important;}","@media only screen and (min-width: 769px) {.best-seller__content-title {font-weight: 600 !important; } .menu_desktop .menu-title {font-size: 24px !important; }}",".buy-more__container {margin-top: 20px !important;}"]}}