{"type":"header","name":"Header","sections":{"header_section":{"type":"header","blocks":{"header-logo":{"type":"_header-logo","static":true,"settings":{"hide_logo_on_home_page":false,"custom_height":30,"custom_height_mobile":20,"padding-block-start":0,"padding-block-end":0,"padding-inline-start":0,"padding-inline-end":0},"blocks":{}},"header-menu":{"type":"_header-menu","static":true,"settings":{"menu":"main-menu","menu_style":"featured_products","featured_products_aspect_ratio":"4 \/ 5","featured_collections_aspect_ratio":"16 \/ 9","image_border_radius":0,"product_title_case":"default","collection_title_case":"default","color_scheme":"","menu_font_style":"inverse","type_font_primary_link":"body","type_font_primary_size":"0.875rem","type_case_primary_link":"none","type_font_secondary_link":"body","type_case_secondary_link":"none","type_font_tertiary_link":"body","type_case_tertiary_link":"none","navigation_bar":false,"color_scheme_navigation_bar":"","drawer_accordion":false,"drawer_accordion_expand_first":false,"drawer_dividers":false},"blocks":{}}},"settings":{"logo_position":"left","menu_position":"left","menu_row":"top","show_search":true,"search_position":"right","search_row":"top","show_country":false,"country_selector_style":false,"show_language":false,"localization_font":"heading","localization_font_size":"1rem","localization_position":"right","localization_row":"top","section_width":"page-width","section_height":"compact","enable_sticky_header":"scroll-up","divider_width":0,"divider_size":"page-width","border_width":0,"color_scheme_top":"scheme-1","color_scheme_bottom":"","color_scheme_transparent":"scheme-6","enable_transparent_header_home":false,"home_color_scheme":"inverse","enable_transparent_header_product":false,"product_color_scheme":"default","enable_transparent_header_collection":false,"collection_color_scheme":"default"}}},"order":["header_section"]}